{
  "summary" : "   <strong>APROG DEI</strong><br><br>\n   <strong>Java Programming<br>\n   </strong><br>\n   Emanuel Cunha Silva<br>\n   ecs@isep.ipp.pt<br>\n   <br>\n",
  "title" : "APROG TP8",
  "authors" : [
    "Emanuel Silva"
  ],
  "programming_language" : "JAVA",
  "language" : "en",
  "course_type" : "PyCharm",
  "items" : [
    {
      "title" : "lesson1",
      "task_list" : [
        {
          "name" : "task0",
          "files" : {
            "src/Main.java" : {
              "name" : "src/Main.java",
              "placeholders" : [ ],
              "is_visible" : true,
              "text" : "public class Main {\n   public static void main(String[] args) {\n      // Write your solution here\n   }\n}"
            }
          },
          "description_text" : "#### Lesson TP 8:\n\nSPECIFIC GOALS: Arrays\n\nThe students should be able to:\n- Analyze a problem  \n- Design an algorithm, structuring it in modules and use one-dimensional arrays  \n- Develop methods for manipulating one-dimensional arrays  \n",
          "description_format" : "MD",
          "feedback_link" : {
            "link_type" : "STEPIK"
          },
          "task_type" : "theory"
        },
        {
          "choiceOptions" : [
            {
              "text" : "<b>int[] arr1 = {1, 2, 3, 4, 5, 6, 7, 8, 9};</b><br>creates an empty array of integers with size 9",
              "status" : "INCORRECT"
            },
            {
              "text" : "<b>int[] arr1 = {1, 2, 3, 4, 5, 6, 7, 8, 9};</b><br>creates and fills an array with integers from 1 to 9",
              "status" : "CORRECT"
            },
            {
              "text" : "<b>int[] result = new int[size];</b><br>creates an empty array of integers with size <i>size</i>",
              "status" : "CORRECT"
            },
            {
              "text" : "<b>int[] result = new int[size];</b><br>creates and fills an array with the value of <i>size</i>",
              "status" : "INCORRECT"
            },
            {
              "text" : "<b>int[] arr2 = createAndFillArray(size);</b><br>assigns the result of the method <i>createAndFillArray(size)</i> to the variable <i>arr2</i>",
              "status" : "CORRECT"
            },
            {
              "text" : "<b>int[] arr2 = createAndFillArray(size);</b><br>assigns an array of integers to the variable <i>arr2</i>",
              "status" : "CORRECT"
            }
          ],
          "isMultipleChoice" : true,
          "name" : "task1_1",
          "files" : {
            "src/Main.java" : {
              "name" : "src/Main.java",
              "placeholders" : [ ],
              "is_visible" : true,
              "text" : "import java.util.Scanner;\n\npublic class Main {\n    static Scanner sc = new Scanner(System.in);\n\n    public static void main(String[] args) {\n        int[] arr1 = {1, 2, 3, 4, 5, 6, 7, 8, 9};\n        int size = sc.nextInt();\n        int[] arr2 = createAndFillArray(size);\n        int sum1 = sumArray(arr1);\n        int sum2 = sumArray(arr2);\n        printArray(arr1);\n        printArray(arr2);\n        System.out.println(\"Greatest sum :\" + ((sum1 > sum2) ? sum1 : sum2));\n    }\n\n    //==============================================================\n    public static int[] createAndFillArray(int size) {\n        int[] result = new int[size];\n        for (int i = 0; i < size; i++) {\n            result[i] = sc.nextInt();\n        }\n        return result;\n    }\n\n    //==============================================================\n    public static int sumArray(int[] arr) {\n        int sum = 0;\n        for (int i = 0; i < arr.length; i++) {\n            sum += arr[i];\n        }\n        return sum;\n    }\n\n    //==============================================================\n    public static void printArray(int[] arr) {\n        for (int i = 0; i < arr.length; i++) {\n            System.out.print(\"[\" + arr[i] + \"]\");\n        }\n        System.out.println(\"\");\n    }\n}\n"
            }
          },
          "description_text" : "**Task 1.1:**  \n  \n  \nAnalyze the Java program and deduce its functionality.\n\n  \n\n",
          "description_format" : "MD",
          "feedback_link" : {
            "link_type" : "STEPIK"
          },
          "task_type" : "choice"
        },
        {
          "choiceOptions" : [
            {
              "text" : "<b>public static int[] createAndFillArray(int size)</b><br> This method must return an array of integers",
              "status" : "CORRECT"
            },
            {
              "text" : "<b>public static int[] createAndFillArray(int size)</b><br> This method must return an integer",
              "status" : "INCORRECT"
            },
            {
              "text" : "<b>public static int[] createAndFillArray(int size)</b><br> This method can return a null value",
              "status" : "CORRECT"
            },
            {
              "text" : "<b>int sum1 = sumArray(arr1);</b><br>Sends <i>arr1</i> by parameter to the <i>sumArray()</i> method",
              "status" : "CORRECT"
            },
            {
              "text" : "<b>int sum2 = sumArray(arr2);</b><br>Does not send <i>arr2</i> to the <i>sumArray()</i> method because <i>arr1</i> has been sent before",
              "status" : "INCORRECT"
            },
            {
              "text" : "<b>public static int sumArray(int[] arr)</b><br> This method must receive an array of integers and return an integer",
              "status" : "CORRECT"
            },
            {
              "text" : "<b>public static int sumArray(int[] arr)</b><br> This method must receive an integer and return an array of integers",
              "status" : "INCORRECT"
            }
          ],
          "isMultipleChoice" : true,
          "name" : "task1_2",
          "files" : {
            "src/Main.java" : {
              "name" : "src/Main.java",
              "placeholders" : [ ],
              "is_visible" : true,
              "text" : "import java.util.Scanner;\n\npublic class Main {\n   static Scanner sc = new Scanner(System.in);\n\n   public static void main(String[] args) {\n      int[] arr1 = {1, 2, 3, 4, 5, 6, 7, 8, 9};\n      int size = sc.nextInt();\n      int[] arr2 = createAndFillArray(size);\n      int sum1 = sumArray(arr1);\n      int sum2 = sumArray(arr2);\n      printArray(arr1);\n      printArray(arr2);\n      System.out.println(\"Greatest sum :\" + ((sum1 > sum2) ? sum1 : sum2));\n   }\n\n   //==============================================================\n   public static int[] createAndFillArray(int size) {\n      int[] result = new int[size];\n      for (int i = 0; i < size; i++) {\n         result[i] = sc.nextInt();\n      }\n      return result;\n   }\n\n   //==============================================================\n   public static int sumArray(int[] arr) {\n      int sum = 0;\n      for (int i = 0; i < arr.length; i++) {\n         sum += arr[i];\n      }\n      return sum;\n   }\n\n   //==============================================================\n   public static void printArray(int[] arr) {\n      for (int i = 0; i < arr.length; i++) {\n         System.out.print(\"[\" + arr[i] + \"]\");\n      }\n      System.out.println(\"\");\n   }\n}\n"
            }
          },
          "description_text" : "**Task 1.2:**  \n  \n  \nAnalyze the Java program and deduce its functionality.\n\n",
          "description_format" : "MD",
          "feedback_link" : {
            "link_type" : "STEPIK"
          },
          "task_type" : "choice"
        },
        {
          "choiceOptions" : [
            {
              "text" : "<b>((sum1 > sum2) ? sum1 : sum2)</b> <br>If the value of <i>sum1</i> is  greater than <i>sum2</i> the result is <i>sum1</i> otherwise the result is <i>sum2</i>",
              "status" : "CORRECT"
            },
            {
              "text" : "The ternary operator <b>(condition) ? result1 : result2 </b> is equivalent to an <i>if ... else ...</i>",
              "status" : "CORRECT"
            },
            {
              "text" : "<b>public static void printArray(int[] arr)</b><br>This method does nothing because it has no return, that is, it is void",
              "status" : "INCORRECT"
            },
            {
              "text" : "<b>public static void printArray(int[] arr)</b><br>This method can receive any numeric array",
              "status" : "INCORRECT"
            },
            {
              "text" : "<b>public static void printArray(int[] arr)</b><br>This method can receive an array of integers of any size",
              "status" : "CORRECT"
            }
          ],
          "isMultipleChoice" : true,
          "name" : "task1_3",
          "files" : {
            "src/Main.java" : {
              "name" : "src/Main.java",
              "placeholders" : [ ],
              "is_visible" : true,
              "text" : "import java.util.Scanner;\n\npublic class Main {\n    static Scanner sc = new Scanner(System.in);\n\n    public static void main(String[] args) {\n        int[] arr1 = {1, 2, 3, 4, 5, 6, 7, 8, 9};\n        int size = sc.nextInt();\n        int[] arr2 = createAndFillArray(size);\n        int sum1 = sumArray(arr1);\n        int sum2 = sumArray(arr2);\n        printArray(arr1);\n        printArray(arr2);\n        System.out.println(\"Greatest sum :\" + ((sum1 > sum2) ? sum1 : sum2));\n    }\n\n    //==============================================================\n    public static int[] createAndFillArray(int size) {\n        int[] result = new int[size];\n        for (int i = 0; i < size; i++) {\n            result[i] = sc.nextInt();\n        }\n        return result;\n    }\n\n    //==============================================================\n    public static int sumArray(int[] arr) {\n        int sum = 0;\n        for (int i = 0; i < arr.length; i++) {\n            sum += arr[i];\n        }\n        return sum;\n    }\n\n    //==============================================================\n    public static void printArray(int[] arr) {\n        for (int i = 0; i < arr.length; i++) {\n            System.out.print(\"[\" + arr[i] + \"]\");\n        }\n        System.out.println(\"\");\n    }\n}\n"
            }
          },
          "description_text" : "**Task 1.3:**  \n  \n  \nAnalyze the Java program and deduce its functionality.\n\n",
          "description_format" : "MD",
          "feedback_link" : {
            "link_type" : "STEPIK"
          },
          "task_type" : "choice"
        },
        {
          "choiceOptions" : [
            {
              "text" : "[1]",
              "status" : "INCORRECT"
            },
            {
              "text" : "[2]",
              "status" : "INCORRECT"
            },
            {
              "text" : "[3]",
              "status" : "CORRECT"
            },
            {
              "text" : "[4]",
              "status" : "INCORRECT"
            }
          ],
          "isMultipleChoice" : false,
          "name" : "task1_4",
          "files" : {
            "src/Main.java" : {
              "name" : "src/Main.java",
              "placeholders" : [ ],
              "is_visible" : true,
              "text" : "import java.util.Scanner;\n\npublic class Main {\n    static Scanner sc = new Scanner(System.in);\n\n    public static void main(String[] args) {\n        int[] arr1 = {1, 2, 3, 4, 5, 6, 7, 8, 9};\n        int size = sc.nextInt();\n        int[] arr2 = createAndFillArray(size);\n        int sum1 = sumArray(arr1);\n        int sum2 = sumArray(arr2);\n        printArray(arr1);\n        printArray(arr2);\n        System.out.println(\"Greatest sum :\" + ((sum1 > sum2) ? sum1 : sum2));\n    }\n\n    //==============================================================\n    public static int[] createAndFillArray(int size) {\n        int[] result = new int[size];\n        for (int i = 0; i < size; i++) {\n            result[i] = sc.nextInt();\n        }\n        return result;\n    }\n\n    //==============================================================\n    public static int sumArray(int[] arr) {\n        int sum = 0;\n        for (int i = 0; i < arr.length; i++) {\n            sum += arr[i];\n        }\n        return sum;\n    }\n\n    //==============================================================\n    public static void printArray(int[] arr) {\n        for (int i = 0; i < arr.length; i++) {\n            System.out.print(\"[\" + arr[i] + \"]\");\n        }\n        System.out.println(\"\");\n    }\n}\n"
            }
          },
          "description_text" : "**Task 1.4:**  \n \n  \nAnalyze the Java program and deduce its functionality.\n\nConsidering the following input for the program:  \n<pre>\n3             (size)\n10            (arr[0])\n11            (arr[1])  \n12            (arr[2])\n</pre>  \n\nWhat is the resulting output?  \n[1]  \n<pre>\n[1][2][3]\n[10][11][12]\nGreatest sum : 6\n</pre>\n\n[2]  \n<pre>\n[10][11][12]\n[10][11][12]\nGreatest sum : 33\n</pre>\n  \n[3]  \n<pre>\n[1][2][3][4][5][6][7][8][9]\n[10][11][12]\nGreatest sum : 45\n</pre>\n\n[4]  \n<pre>\n[1][2][3][4][5][6][7][8][9]\n[10][11][12]\nGreatest sum : 33\n</pre>\n",
          "description_format" : "MD",
          "feedback_link" : {
            "link_type" : "STEPIK"
          },
          "task_type" : "choice"
        }
      ],
      "type" : "lesson"
    },
    {
      "title" : "lesson2",
      "task_list" : [
        {
          "name" : "task2_1",
          "files" : {
            "src/Task.java" : {
              "name" : "src/Task.java",
              "placeholders" : [
                {
                  "offset" : 74,
                  "length" : 21,
                  "possible_answer" : "    public static int insert(int[] arr, int numberOfElements, int numberToInsert) {\n        if (arr != null)\n            if (numberOfElements < arr.length) {\n                arr[numberOfElements++] = numberToInsert;\n                return numberOfElements;\n            }\n        return -1;\n    }\n",
                  "placeholder_text" : "// put your code here"
                }
              ],
              "is_visible" : true,
              "text" : "public class Task {\n\n    public static void main(String[] args) {\n\n    }\n\n// put your code here\n\n}"
            },
            "test/Tests.java" : {
              "name" : "test/Tests.java",
              "placeholders" : [ ],
              "is_visible" : false,
              "text" : "import org.junit.Assert;\nimport org.junit.Test;\n\npublic class Tests {\n  @Test\n  public void testSolution1() {\n    int[] arr = null;\n    int number = 10;\n    int expected=-1;\n    int result = Task.insert(arr,0,number);\n    Assert.assertEquals(expected,result);\n  }\n  @Test\n  public void testSolution2() {\n    int[] arr = {1,2,3};\n    int number=4;\n    int expected=-1;\n    int result = Task.insert(arr,arr.length,number);\n    Assert.assertEquals(expected,result);\n  }\n  @Test\n  public void testSolution3() {\n    int[] arr = new int[3];\n\n    int number1=11;\n    int expected1=1;\n    int result1 = Task.insert(arr,0,number1);\n    Assert.assertEquals(expected1,result1);\n\n    int number2=12;\n    int expected2=2;\n    int result2 = Task.insert(arr,1,number2);\n    Assert.assertEquals(expected2,result2);\n\n    int number3=13;\n    int expected3=3;\n    int result3 = Task.insert(arr,2,number3);\n    Assert.assertEquals(expected3,result3);\n\n    int number4=14;\n    int expected4=-1;\n    int result4 = Task.insert(arr,3,number4);\n    Assert.assertEquals(expected4,result4);\n  }\n}"
            }
          },
          "description_text" : "**Task 2.1**  \n  \nWrite a Java program to generate and store random integers (all different) belonging to the range [5, 100].  \nNumbers generation ends when a repeated number appear, or it is not possible store the number.  \nAfter that, all numbers should be displayed on the screen.  \nThe program must have the following behavior:  \n- First, randomly generate an integer in the range [5,100].    \n- Second, search if the generated number exist in the set of stored numbers.\n- Third, add the generated number to the set of stored numbers.  \n- Forth, the result should be displayed in the following format:   *\\[number 1]\\[number 2]...\\[number n]*  \n\nThe program must be structured in methods.  \n\nTo do this, perform the following tasks:  \n  \n**a)**  \nWrite the method **int insert( int[] arr, int numberOfElements, int numberToInsert )** that receives by parameter an array of integers, the number of elements stored in the array (not the size of the array)\nand the integer to store in the first available position of that array.  \nThe method must return the new number of elements stored in the array, or -1 if the array is null or insertion is not posible.   \n\n<div class=\"hint\">\n<p>You can take as a starting point the following:</p>\n<pre><code>\npublic static int insert(int[] arr, int numberOfElements, int numberToInsert){\n  ...\n  }\n</code></pre>\n</div>\n",
          "description_format" : "MD",
          "feedback_link" : {
            "link_type" : "STEPIK"
          },
          "task_type" : "edu"
        },
        {
          "name" : "task2_2",
          "files" : {
            "src/Task.java" : {
              "name" : "src/Task.java",
              "placeholders" : [
                {
                  "offset" : 74,
                  "length" : 20,
                  "possible_answer" : "    public static int search(int[] arr, int numberOfElements, int numberToSearchFor) {\n        if (arr != null)\n            for (int pos = 0; pos < numberOfElements; pos++) {\n                if (arr[pos] == numberToSearchFor) {\n                    return pos;\n                }\n            }\n        return -1;\n    }\n",
                  "placeholder_text" : "//put your code here"
                },
                {
                  "offset" : 96,
                  "length" : 21,
                  "dependency" : {
                    "lesson" : "lesson2",
                    "task" : "task2_1",
                    "file" : "src/Task.java",
                    "placeholder" : 0,
                    "is_visible" : false
                  },
                  "possible_answer" : "    public static int insert(int[] arr, int numberOfElements, int numberToInsert) {\n        if (arr != null)\n            if (numberOfElements < arr.length) {\n                arr[numberOfElements++] = numberToInsert;\n                return numberOfElements;\n            }\n        return -1;\n    }\n",
                  "placeholder_text" : "// put your code here"
                }
              ],
              "is_visible" : true,
              "text" : "public class Task {\n\n    public static void main(String[] args) {\n\n    }\n\n//put your code here\n\n// put your code here\n\n}"
            },
            "test/Tests.java" : {
              "name" : "test/Tests.java",
              "placeholders" : [ ],
              "is_visible" : false,
              "text" : "import org.junit.Assert;\nimport org.junit.Test;\n\npublic class Tests {\n  @Test\n  public void testSolution1() {\n    int[] arr = null;\n    int number = 10;\n    int expected=-1;\n    int result = Task.search(arr,0,number);\n    Assert.assertEquals(expected,result);\n  }\n  @Test\n  public void testSolution2() {\n    int[] arr = {1,2,3};\n    int expected=-1;\n    int result = Task.search(arr,arr.length,4);\n    Assert.assertEquals(expected,result);\n  }\n  @Test\n  public void testSolution3() {\n    int[] arr = {1,2,3,4,5,6,7,8,9,10};\n\n    int expected1=6;\n    int result1 = Task.search(arr,arr.length,7);\n    Assert.assertEquals(expected1,result1);\n\n    int expected2=-1;\n    int result2 = Task.search(arr,5,7);\n    Assert.assertEquals(expected1,result1);\n\n    int expected3=-1;\n    int result3= Task.search(arr,arr.length,11);\n    Assert.assertEquals(expected1,result1);\n  }\n}"
            }
          },
          "description_text" : "**Task 2.2**  \n  \nWrite a Java program to generate and store random integers (all different) belonging to the range [5, 100].  \nNumbers generation ends when a repeated number appear, or it is not possible store the number.  \nAfter that, all numbers should be displayed on the screen.  \nThe program must have the following behavior:  \n- First, randomly generate an integer in the range [5,100].    \n- Second, search if the generated number exist in the set of stored numbers.\n- Third, add the generated number to the set of stored numbers.  \n- Forth, the result should be displayed in the following format:   *\\[number 1]\\[number 2]...\\[number n]*  \n\nThe program must be structured in methods.  \n\nTo do this, perform the following tasks:  \n  \n**b)**  \nWrite the method **int search( int[] arr, int numberOfElements, int numberToSearchFor )** that receives by parameter an array of integers, the number of elements stored in the array (not the size of the array)\nand the integer to look for in the array.  \nThe method must return the position of number in the array (if it exists) or, return -1 if the the array is null or the number is not found in the array.   \n\n<div class=\"hint\">\n<p>You can take as a starting point the following:</p>\n<pre><code>\npublic static int search(int[] arr, int numberOfElements, int numberToSearchFor){\n  ...\n  }\n</code></pre>\n</div>\n",
          "description_format" : "MD",
          "feedback_link" : {
            "link_type" : "STEPIK"
          },
          "task_type" : "edu"
        },
        {
          "name" : "task2_3",
          "files" : {
            "src/Task.java" : {
              "name" : "src/Task.java",
              "placeholders" : [
                {
                  "offset" : 74,
                  "length" : 20,
                  "possible_answer" : "    public static int generate(int[] arr, int lowerLimit, int upperLimit) {\n        if (arr == null)\n            return -1;\n\n        int numberOfElements = 0;\n        int resultSearch = 0;\n        int resultInsert = 0;\n        do {\n            int number = (int) (Math.random() * (upperLimit - lowerLimit + 1) + lowerLimit);\n            resultSearch = search(arr, numberOfElements, number);\n            if (resultSearch == -1) {\n                resultInsert = insert(arr, numberOfElements, number);\n                if (resultInsert != -1) {\n                    numberOfElements++;\n                }\n            }\n        } while (resultSearch == -1 && resultInsert != -1);\n        return numberOfElements;\n    }\n",
                  "placeholder_text" : "//put your code here"
                },
                {
                  "offset" : 96,
                  "length" : 20,
                  "dependency" : {
                    "lesson" : "lesson2",
                    "task" : "task2_2",
                    "file" : "src/Task.java",
                    "placeholder" : 1,
                    "is_visible" : false
                  },
                  "possible_answer" : "    public static int search(int[] arr, int numberOfElements, int numberToSearchFor) {\n        if (arr != null)\n            for (int pos = 0; pos < numberOfElements; pos++) {\n                if (arr[pos] == numberToSearchFor) {\n                    return pos;\n                }\n            }\n        return -1;\n    }\n",
                  "placeholder_text" : "//put your code here"
                },
                {
                  "offset" : 118,
                  "length" : 21,
                  "dependency" : {
                    "lesson" : "lesson2",
                    "task" : "task2_2",
                    "file" : "src/Task.java",
                    "placeholder" : 0,
                    "is_visible" : false
                  },
                  "possible_answer" : "    public static int insert(int[] arr, int numberOfElements, int numberToInsert) {\n        if (arr != null)\n            if (numberOfElements < arr.length) {\n                arr[numberOfElements++] = numberToInsert;\n                return numberOfElements;\n            }\n        return -1;\n    }\n",
                  "placeholder_text" : "// put your code here"
                }
              ],
              "is_visible" : true,
              "text" : "public class Task {\n\n    public static void main(String[] args) {\n\n    }\n\n//put your code here\n\n//put your code here\n\n// put your code here\n\n}"
            },
            "test/Tests.java" : {
              "name" : "test/Tests.java",
              "placeholders" : [ ],
              "is_visible" : false,
              "text" : "import org.junit.Assert;\nimport org.junit.Test;\n\nimport java.util.Arrays;\nimport java.util.HashSet;\nimport java.util.Set;\nimport java.util.TreeSet;\n\npublic class Tests {\n  @Test\n  public void testSolution1() {\n    int[] arr = null;\n    int expected=-1;\n    int result = Task.generate(arr,5,10);\n    Assert.assertEquals(expected,result);\n  }\n  @Test\n  public void testSolution2() {\n    int[] arr = new int[10];\n    int result = Task.generate(arr,5,100);\n    Assert.assertTrue(result > 0);\n  }\n  @Test\n  public void testSolution3() {\n    int[] arr = new int[1];\n\n    int expected = 1;\n    int result = Task.generate(arr, 5, 100);\n    Assert.assertEquals(expected, result);\n  }\n\n  @Test\n  public void testSolution4() {\n    /*verifica se existe duplicados no array resultado (arr)*/\n    int[] arr = new int[10];\n    int result = Task.generate(arr,5,10);\n\n    Set<Integer> s = new HashSet();\n    for (int i : arr) {\n      s.add(i);\n    }\n    int[] expected = new int[10];\n    int idx=0;\n    for (Integer i :s){\n      expected[idx++]=i;\n    }\n    Arrays.sort(arr);\n    Arrays.sort(expected);\n\n    Assert.assertArrayEquals(\"fail: array contains duplicates\",expected,arr);\n    Assert.assertTrue(result >= 0);\n  }\n}"
            }
          },
          "description_text" : "**Task 2.3**  \n  \nWrite a Java program to generate and store random integers (all different) belonging to the range [5, 100].  \nNumbers generation ends when a repeated number appear, or it is not possible store the number.  \nAfter that, all numbers should be displayed on the screen.  \nThe program must have the following behavior:  \n- First, randomly generate an integer in the range [5,100].    \n- Second, search if the generated number exist in the set of stored numbers.\n- Third, add the generated number to the set of stored numbers.  \n- Forth, the result should be displayed in the following format:   *\\[number 1]\\[number 2]...\\[number n]*  \n\nThe program must be structured in methods.  \n\nTo do this, perform the following tasks:  \n  \n**c)**  \nWrite the method **int generate(int[] arr, int lowerLimit, int upperLimit)** that receives by parameter an array of integers (to store the numbers generated) and two integers defining a closed range.  \nThe method must randomly generates numbers between the range and store them in the array.  \nThe method must return the number of elements stored in the array, or -1 if the the array is null.   \n\n<div class=\"hint\">\n<p>You can take as a starting point the following:</p>\n<pre><code>\npublic static int generate(int[] arr, int lowerLimit, int upperLimit){\n  ...\n  }\n</code></pre>\n</div>\n\n<div class=\"hint\">\n    <p>Recommended reading:</p>\n    <a href=\"https://www.baeldung.com/java-generating-random-numbers-in-range\">Generating Random Numbers in a Range in Java</a><br>\n    <a href=\"https://stackoverflow.com/questions/363681/how-do-i-generate-random-integers-within-a-specific-range-in-java\">How do I generate random integers within a specific range in Java?</a><br>\n\n</div>\n\n<div class=\"hint\">\n<p>To generate a random number in the range  [lowerLimit, upperLimit] try:</p>\n<pre><code>\n  int number = (int) (Math.random() * (upperLimit - lowerLimit + 1) + lowerLimit);\n</code></pre>\n</div>\n",
          "description_format" : "MD",
          "feedback_link" : {
            "link_type" : "STEPIK"
          },
          "task_type" : "edu"
        },
        {
          "name" : "task2_4",
          "files" : {
            "src/Task.java" : {
              "name" : "src/Task.java",
              "placeholders" : [
                {
                  "offset" : 74,
                  "length" : 20,
                  "possible_answer" : "    public static void print(int[] arr, int numberOfElements) {\n        if (arr != null) {\n            for (int pos = 0; pos < numberOfElements; pos++) {\n                System.out.print(\"[\" + arr[pos] + \"]\");\n            }\n            System.out.println(\"\");\n        }\n    }\n",
                  "placeholder_text" : "//put your code here"
                },
                {
                  "offset" : 96,
                  "length" : 20,
                  "dependency" : {
                    "lesson" : "lesson2",
                    "task" : "task2_3",
                    "file" : "src/Task.java",
                    "placeholder" : 2,
                    "is_visible" : false
                  },
                  "possible_answer" : "    public static int generate(int[] arr, int lowerLimit, int upperLimit) {\n        if (arr == null)\n            return -1;\n\n        int numberOfElements = 0;\n        int resultSearch = 0;\n        int resultInsert = 0;\n        do {\n            int number = (int) (Math.random() * (upperLimit - lowerLimit + 1) + lowerLimit);\n            resultSearch = search(arr, numberOfElements, number);\n            if (resultSearch == -1) {\n                resultInsert = insert(arr, numberOfElements, number);\n                if (resultInsert != -1) {\n                    numberOfElements++;\n                }\n            }\n        } while (resultSearch == -1 && resultInsert != -1);\n        return numberOfElements;\n    }\n",
                  "placeholder_text" : "//put your code here"
                },
                {
                  "offset" : 118,
                  "length" : 20,
                  "dependency" : {
                    "lesson" : "lesson2",
                    "task" : "task2_3",
                    "file" : "src/Task.java",
                    "placeholder" : 0,
                    "is_visible" : false
                  },
                  "possible_answer" : "    public static int search(int[] arr, int numberOfElements, int numberToSearchFor) {\n        if (arr != null)\n            for (int pos = 0; pos < numberOfElements; pos++) {\n                if (arr[pos] == numberToSearchFor) {\n                    return pos;\n                }\n            }\n        return -1;\n    }\n",
                  "placeholder_text" : "//put your code here"
                },
                {
                  "offset" : 140,
                  "length" : 21,
                  "dependency" : {
                    "lesson" : "lesson2",
                    "task" : "task2_3",
                    "file" : "src/Task.java",
                    "placeholder" : 1,
                    "is_visible" : false
                  },
                  "possible_answer" : "    public static int insert(int[] arr, int numberOfElements, int numberToInsert) {\n        if (arr != null)\n            if (numberOfElements < arr.length) {\n                arr[numberOfElements++] = numberToInsert;\n                return numberOfElements;\n            }\n        return -1;\n    }\n",
                  "placeholder_text" : "// put your code here"
                }
              ],
              "is_visible" : true,
              "text" : "public class Task {\n\n    public static void main(String[] args) {\n\n    }\n\n//put your code here\n\n//put your code here\n\n//put your code here\n\n// put your code here\n\n}"
            },
            "test/Tests.java" : {
              "name" : "test/Tests.java",
              "placeholders" : [ ],
              "is_visible" : false,
              "text" : "import org.junit.After;\nimport org.junit.Assert;\nimport org.junit.Before;\nimport org.junit.Test;\n\nimport java.io.ByteArrayInputStream;\nimport java.io.ByteArrayOutputStream;\nimport java.io.InputStream;\nimport java.io.PrintStream;\n\npublic class Tests {\n  private final InputStream systemIn = System.in;\n  private final PrintStream systemOut = System.out;\n  private ByteArrayInputStream testIn;\n  private ByteArrayOutputStream testOut;\n  final String nl = System.lineSeparator();\n\n  @Before\n  public void redirectSystemOutStream() {\n    testOut = new ByteArrayOutputStream();\n    System.setOut(new PrintStream(testOut));\n  }\n\n  @After\n  public void restoreSystemOutStream() {\n    System.setIn(systemIn);\n    System.setOut(systemOut);\n  }\n\n  private void processInputData(String inputData) {\n    testIn = new ByteArrayInputStream(inputData.getBytes());\n    System.setIn(testIn);\n  }\n\n  @Test\n  public void testSolution1() {\n    //arrange\n    int[] arr ={1,2,3,4,5,6};\n    String expected = \"[1][2][3][4][5][6]\" + nl;\n    //act\n    Task.print(arr,arr.length);\n    //assert\n    Assert.assertEquals(expected,testOut.toString());\n  }\n\n  @Test\n  public void testSolution2() {\n    //arrange\n    int[] arr ={1,2,3,4,5,6};\n    String expected = \"[1][2][3]\" + nl;\n    //act\n    Task.print(arr,3);\n    //assert\n    Assert.assertEquals(expected,testOut.toString());\n  }\n\n  @Test\n  public void testSolution3() {\n    //arrange\n    int[] arr =null;\n    String expected = \"\";\n    //act\n    Task.print(arr,3);\n    //assert\n    Assert.assertEquals(expected,testOut.toString());\n  }\n}"
            }
          },
          "description_text" : "**Task 2.4**  \n  \nWrite a Java program to generate and store random integers (all different) belonging to the range [5, 100].  \nNumbers generation ends when a repeated number appear, or it is not possible store the number.  \nAfter that, all numbers should be displayed on the screen.  \nThe program must have the following behavior:  \n- First, randomly generate an integer in the range [5,100].    \n- Second, search if the generated number exist in the set of stored numbers.\n- Third, add the generated number to the set of stored numbers.  \n- Forth, the result should be displayed in the following format:   *\\[number 1]\\[number 2]...\\[number n]*  \n\nThe program must be structured in methods.  \n\nTo do this, perform the following tasks:  \n  \n**d)**  \nWrite the method **void print(int[] arr, int numberOfElements)** that receives by parameter an array of integers and the number of elements stored in the array.  \nThe elements of the arrays should be displayed on the same line, with no spaces between [ ], according to the following format:   \n*\\[number 1]\\[number 2]...\\[number n]* \n\n",
          "description_format" : "MD",
          "feedback_link" : {
            "link_type" : "STEPIK"
          },
          "task_type" : "edu"
        },
        {
          "name" : "task2_5",
          "files" : {
            "src/Task.java" : {
              "name" : "src/Task.java",
              "placeholders" : [
                {
                  "offset" : 212,
                  "length" : 20,
                  "possible_answer" : "\n        int[] arr = new int[MAX_ELEMENTS];\n        int numberOfElements = generate(arr, LOWER_LIMIT, UPPER_LIMIT);\n        print(arr, numberOfElements);\n",
                  "placeholder_text" : "//put your code here"
                },
                {
                  "offset" : 240,
                  "length" : 20,
                  "dependency" : {
                    "lesson" : "lesson2",
                    "task" : "task2_4",
                    "file" : "src/Task.java",
                    "placeholder" : 3,
                    "is_visible" : false
                  },
                  "possible_answer" : "    public static void print(int[] arr, int numberOfElements) {\n        if (arr != null) {\n            for (int pos = 0; pos < numberOfElements; pos++) {\n                System.out.print(\"[\" + arr[pos] + \"]\");\n            }\n            System.out.println(\"\");\n        }\n    }\n",
                  "placeholder_text" : "//put your code here"
                },
                {
                  "offset" : 262,
                  "length" : 20,
                  "dependency" : {
                    "lesson" : "lesson2",
                    "task" : "task2_4",
                    "file" : "src/Task.java",
                    "placeholder" : 0,
                    "is_visible" : false
                  },
                  "possible_answer" : "    public static int generate(int[] arr, int lowerLimit, int upperLimit) {\n        if (arr == null)\n            return -1;\n\n        int numberOfElements = 0;\n        int resultSearch = 0;\n        int resultInsert = 0;\n        do {\n            int number = (int) (Math.random() * (upperLimit - lowerLimit + 1) + lowerLimit);\n            resultSearch = search(arr, numberOfElements, number);\n            if (resultSearch == -1) {\n                resultInsert = insert(arr, numberOfElements, number);\n                if (resultInsert != -1) {\n                    numberOfElements++;\n                }\n            }\n        } while (resultSearch == -1 && resultInsert != -1);\n        return numberOfElements;\n    }\n",
                  "placeholder_text" : "//put your code here"
                },
                {
                  "offset" : 284,
                  "length" : 20,
                  "dependency" : {
                    "lesson" : "lesson2",
                    "task" : "task2_4",
                    "file" : "src/Task.java",
                    "placeholder" : 1,
                    "is_visible" : false
                  },
                  "possible_answer" : "    public static int search(int[] arr, int numberOfElements, int numberToSearchFor) {\n        if (arr != null)\n            for (int pos = 0; pos < numberOfElements; pos++) {\n                if (arr[pos] == numberToSearchFor) {\n                    return pos;\n                }\n            }\n        return -1;\n    }\n",
                  "placeholder_text" : "//put your code here"
                },
                {
                  "offset" : 306,
                  "length" : 21,
                  "dependency" : {
                    "lesson" : "lesson2",
                    "task" : "task2_4",
                    "file" : "src/Task.java",
                    "placeholder" : 2,
                    "is_visible" : false
                  },
                  "possible_answer" : "    public static int insert(int[] arr, int numberOfElements, int numberToInsert) {\n        if (arr != null)\n            if (numberOfElements < arr.length) {\n                arr[numberOfElements++] = numberToInsert;\n                return numberOfElements;\n            }\n        return -1;\n    }\n",
                  "placeholder_text" : "// put your code here"
                }
              ],
              "is_visible" : true,
              "text" : "public class Task {\n\n    static final int LOWER_LIMIT = 5;\n    static final int UPPER_LIMIT = 100;\n    static final int MAX_ELEMENTS = UPPER_LIMIT - LOWER_LIMIT + 1;\n\n    public static void main(String[] args) {\n//put your code here\n    }\n\n//put your code here\n\n//put your code here\n\n//put your code here\n\n// put your code here\n\n}"
            },
            "test/Tests.java" : {
              "name" : "test/Tests.java",
              "placeholders" : [ ],
              "is_visible" : false,
              "text" : "import org.junit.After;\nimport org.junit.Assert;\nimport org.junit.Before;\nimport org.junit.Test;\n\nimport java.io.ByteArrayInputStream;\nimport java.io.ByteArrayOutputStream;\nimport java.io.InputStream;\nimport java.io.PrintStream;\n\npublic class Tests {\n    private final InputStream systemIn = System.in;\n    private final PrintStream systemOut = System.out;\n    private ByteArrayInputStream testIn;\n    private ByteArrayOutputStream testOut;\n    final String nl = System.lineSeparator();\n\n    @Before\n    public void redirectSystemOutStream() {\n        testOut = new ByteArrayOutputStream();\n        System.setOut(new PrintStream(testOut));\n    }\n\n    @After\n    public void restoreSystemOutStream() {\n        System.setIn(systemIn);\n        System.setOut(systemOut);\n    }\n\n    @Test\n    public void testSolution1() {\n        //arrange\n\n        //act\n        Task.main(null);\n        //assert\n        String str = testOut.toString();\n        int qtdIn = 0;\n        for (int i = 0; i < str.length(); i++) {\n            if (str.charAt(i) == '[')\n                qtdIn++;\n        }\n        int qtdOut = 0;\n        for (int i = 0; i < str.length(); i++) {\n            if (str.charAt(i) == ']')\n                qtdOut++;\n        }\n\n        Assert.assertTrue(\"At least one integer must be generated.\", (qtdIn > 0));\n        Assert.assertEquals(\"The number of parentheses \\\"[\\\" \\\"]\\\" must be the same.\", qtdIn, qtdOut);\n    }\n\n}"
            }
          },
          "description_text" : "**Task 2.5**  \n  \nWrite a Java program to generate and store random integers (all different) belonging to the range [5, 100].  \nNumbers generation ends when a repeated number appear, or it is not possible store the number.  \nAfter that, all numbers should be displayed on the screen.  \nThe program must have the following behavior:  \n- First, randomly generate an integer in the range [5,100].    \n- Second, search if the generated number exist in the set of stored numbers.\n- Third, add the generated number to the set of stored numbers.  \n- Forth, the result should be displayed in the following format:   *\\[number 1]\\[number 2]...\\[number n]*  \n\nThe program must be structured in methods.  \n\nTo do this, perform the following tasks:  \n  \n**e)**  \nconsiders the following constants:   \n<pre><code>\nstatic final int LOWER_LIMIT = 5;\nstatic final int UPPER_LIMIT = 100;\nstatic final int MAX_ELEMENTS = UPPER_LIMIT - LOWER_LIMIT + 1;\n</code></pre>\nThen, complete the main() method to:    \n- create an array (<i>arr</i>) with the ability to store MAX_ELEMENTS of integers. \n<div class=\"hint\">\n<pre><code>\n  int[] arr = new int[MAX_ELEMENTS];\n</code></pre>\n</div>   \n  \n- call the <i>generate(...)</i> method to fill the array (<i>arr</i>) with random integers between LOWER_LIMIT and UPPER_LIMIT.  \n<div class=\"hint\">\n<pre><code>\n  int numberOfElements = generate(arr, LOWER_LIMIT, UPPER_LIMIT);\n</code></pre>\n</div>  \n\n \n- print the integers of the array <i>arr</i>.  \n<div class=\"hint\">\n<pre><code>\n  print(arr, numberOfElements);\n</code></pre>\n</div>  \n\n- run and test the program as you like ;) \n",
          "description_format" : "MD",
          "feedback_link" : {
            "link_type" : "STEPIK"
          },
          "task_type" : "edu"
        }
      ],
      "type" : "framework"
    },
    {
      "title" : "lesson3",
      "task_list" : [
        {
          "name" : "task3_1",
          "files" : {
            "src/Task.java" : {
              "name" : "src/Task.java",
              "placeholders" : [
                {
                  "offset" : 440,
                  "length" : 21,
                  "possible_answer" : "\n        int students = 0;\n        String name = \"\";\n        float grade = 0;\n        name = sc.nextLine();\n        while (!name.equalsIgnoreCase(\"END\")) {\n            grade = Float.parseFloat(sc.nextLine());  //grade=sc.nextFloat(); sc.nextLine();\n            arrNames[students] = name;\n            arrGrades[students] = grade;\n            students++;\n\n            name = sc.nextLine();\n        }\n        return students;\n",
                  "placeholder_text" : "// put your code here"
                }
              ],
              "is_visible" : true,
              "text" : "import java.util.Scanner;\n\npublic class Task {\n    public static void main(String[] args) {\n\n    }\n\n    /**\n     * Read students' name and grade\n     *\n     * @param arrNames array to store students' name\n     * @param arrGrades array to store students' grade\n     * @return the number of students\n     */\n    public static int readNameAndGradeOfStudents(String[] arrNames, float[] arrGrades) {\n        Scanner sc = new Scanner(System.in);\n// put your code here\n\n    }\n\n}"
            },
            "test/Tests.java" : {
              "name" : "test/Tests.java",
              "placeholders" : [ ],
              "is_visible" : false,
              "text" : "import org.junit.After;\nimport org.junit.Assert;\nimport org.junit.Before;\nimport org.junit.Test;\n\nimport java.io.ByteArrayInputStream;\nimport java.io.ByteArrayOutputStream;\nimport java.io.InputStream;\nimport java.io.PrintStream;\n\npublic class Tests {\n  private final InputStream systemIn = System.in;\n  private final PrintStream systemOut = System.out;\n  private ByteArrayInputStream testIn;\n  private ByteArrayOutputStream testOut;\n  final String nl = System.lineSeparator();\n\n  @Before\n  public void redirectSystemOutStream() {\n    testOut = new ByteArrayOutputStream();\n    System.setOut(new PrintStream(testOut));\n  }\n\n  @After\n  public void restoreSystemOutStream() {\n    System.setIn(systemIn);\n    System.setOut(systemOut);\n  }\n\n  private void processInputData(String inputData) {\n    testIn = new ByteArrayInputStream(inputData.getBytes());\n    System.setIn(testIn);\n  }\n\n  @Test\n  public void testSolution1() {\n    //arrange\n    String[] arrNames = new String[300];\n    float[] arrGrades = new float[300];\n\n    String[] inArrNames ={\"Ana A\",\"Berta B\",\"Carla C\",\"Daniela D\",\"Elsa E\",\"Flor F\"};\n    float[] inArrGrades ={10f,20f,13f,14f,15f,16f};\n\n    StringBuilder dataIn = new StringBuilder();\n    for (int i = 0; i < inArrGrades.length; i++) {\n      dataIn.append(inArrNames[i]).append(nl);\n      dataIn.append(inArrGrades[i]).append(nl);\n    }\n    dataIn.append(\"END\");\n\n    String[] expectedArrNames = new String[300];\n    float[] expectedArrGrades = new float[300];\n    System.arraycopy(inArrNames,0,expectedArrNames,0,inArrNames.length);\n    System.arraycopy(inArrGrades,0,expectedArrGrades,0,inArrGrades.length);\n//    String expectedOut = \"Best grade = 20\" + nl+\"Berta B\"+nl;\n    int expectedStudents = 6;\n    //act\n    processInputData(dataIn.toString());\n    int result= Task.readNameAndGradeOfStudents(arrNames,arrGrades);\n    //assert\n    Assert.assertArrayEquals(\"Array of names does not match\",expectedArrNames,arrNames);\n    Assert.assertArrayEquals(\"Array of grades does not match\",expectedArrGrades, arrGrades,0.00001f);\n    Assert.assertEquals(\"Wrong number of students\",expectedStudents,result);\n  }\n  @Test\n  public void testSolution2() {\n    //arrange\n    String[] arrNames = new String[300];\n    float[] arrGrades = new float[300];\n\n    String[] inArrNames ={\"END\",\"Berta B\",\"Carla C\",\"Daniela D\",\"Elsa E\",\"Flor F\"};\n    float[] inArrGrades ={10f,20f,13f,14f,15f,16f};\n\n    StringBuilder dataIn = new StringBuilder();\n    for (int i = 0; i < inArrGrades.length; i++) {\n      dataIn.append(inArrNames[i]).append(nl);\n      dataIn.append(inArrGrades[i]).append(nl);\n    }\n\n    String[] expectedArrNames = new String[300];\n    float[] expectedArrGrades = new float[300];\n    int expectedStudents = 0;\n    //act\n    processInputData(dataIn.toString());\n    int result= Task.readNameAndGradeOfStudents(arrNames,arrGrades);\n    //assert\n    Assert.assertArrayEquals(\"Array of names does not match\",expectedArrNames,arrNames);\n    Assert.assertArrayEquals(\"Array of grades does not match\",expectedArrGrades, arrGrades,0.00001f);\n    Assert.assertEquals(\"Wrong number of students\",expectedStudents,result);\n  }\n\n }"
            }
          },
          "description_text" : "**Task 3.1**  \n  \nWrite a Java program to read the names and grades of students enrolled in the APROG course.  \nFor logistical reasons, a course will have a maximum of 300 students.  \nThe name and grade of each student must be read sequentially. Reading ends when the name entered is \"END\".  \nAfter that, the program should display the best grade and the name of all students with the highest grade, in separate lines, according to the following format:   \n  \n  <i>Best grade = \\<best grade\\>     \n  \\<name1\\>  \n  \\<name2\\>    \n  ...   \n  \nThe program must be structured in methods.  \n\nTo do this, perform the following tasks:  \n  \n**a)**  \nWrite the method **int readNameAndGradeOfStudents(String[] arrNames, float[] arrGrades)** that receives by parameter an array of Strings and an array of floats to store the students' name and grade, respectively.    \nThe method must read each student's name and grade sequentially. The reading ends when the student's name is \"END\".    \nThen, it must be returned the number of students enrolled in the APROG course.  \n  \n  \n<div class=\"hint\">\n<p>Be careful when the reading sequence involves numbers and strings.<br>\nBeware of delimiters.</p>\n<pre><code>\nfloat flt = sc.nextFloat(); sc.nextLine();\nString str = sc.nextLine();\n</code></pre>\nor\n<pre><code>\nfloat flt = Float.parseFloat(sc.nextLine());\nString str = sc.nextLine();\n</code></pre>\n\n</div>\n",
          "description_format" : "MD",
          "feedback_link" : {
            "link_type" : "STEPIK"
          },
          "task_type" : "edu"
        },
        {
          "name" : "task3_2",
          "files" : {
            "src/Task.java" : {
              "name" : "src/Task.java",
              "placeholders" : [
                {
                  "offset" : 424,
                  "length" : 21,
                  "possible_answer" : "        float bestGrade = -1f;\n        for (int i = 0; i < students; i++) {\n            if (arrGrades[i] > bestGrade)\n                bestGrade = arrGrades[i];\n        }\n        return bestGrade;",
                  "placeholder_text" : "// put your code here"
                },
                {
                  "offset" : 795,
                  "length" : 21,
                  "dependency" : {
                    "lesson" : "lesson3",
                    "task" : "task3_1",
                    "file" : "src/Task.java",
                    "placeholder" : 0,
                    "is_visible" : false
                  },
                  "possible_answer" : "\n        int students = 0;\n        String name = \"\";\n        float grade = 0;\n        name = sc.nextLine();\n        while (!name.equalsIgnoreCase(\"END\")) {\n            grade = Float.parseFloat(sc.nextLine());  //grade=sc.nextFloat(); sc.nextLine();\n            arrNames[students] = name;\n            arrGrades[students] = grade;\n            students++;\n\n            name = sc.nextLine();\n        }\n        return students;\n",
                  "placeholder_text" : "// put your code here"
                }
              ],
              "is_visible" : true,
              "text" : "import java.util.Scanner;\n\npublic class Task {\n    public static void main(String[] args) {\n\n    }\n\n    /**\n     * Get the best grade among the APROG grades\n     *\n     * @param arrGrades array with students' grade\n     * @param students  the number of students enrolled in APROG\n     * @return the highest grade, or -1 if there are no grades\n     */\n    public static float getBestGrade(float[] arrGrades, int students) {\n\n// put your code here\n\n    }\n\n    /**\n     * Read students' name and grade\n     *\n     * @param arrNames  array to store students' name\n     * @param arrGrades array to store students' grade\n     * @return the number of students\n     */\n    public static int readNameAndGradeOfStudents(String[] arrNames, float[] arrGrades) {\n        Scanner sc = new Scanner(System.in);\n// put your code here\n\n    }\n\n}"
            },
            "test/Tests.java" : {
              "name" : "test/Tests.java",
              "placeholders" : [ ],
              "is_visible" : false,
              "text" : "import org.junit.After;\nimport org.junit.Assert;\nimport org.junit.Before;\nimport org.junit.Test;\n\nimport java.io.ByteArrayInputStream;\nimport java.io.ByteArrayOutputStream;\nimport java.io.InputStream;\nimport java.io.PrintStream;\n\npublic class Tests {\n  @Test\n  public void testSolution1() {\n    float[] arrGrades = {10f,20f,11f,12f,19f};\n    float expected=-1f;\n    float result = Task.getBestGrade(arrGrades,0);\n    Assert.assertEquals(expected,result,0.0001);\n  }\n  @Test\n  public void testSolution2() {\n    float[] arrGrades = {10f,20f,11f,12f,19f};\n    float expected=20f;\n    float result = Task.getBestGrade(arrGrades,arrGrades.length);\n    Assert.assertEquals(expected,result,0.0001);\n  }\n  @Test\n  public void testSolution3() {\n    float[] arrGrades = {10f,20f,11f,12f,20f,18f};\n    float expected=20f;\n    float result = Task.getBestGrade(arrGrades,arrGrades.length);\n    Assert.assertEquals(expected,result,0.0001);\n  }\n  @Test\n  public void testSolution4() {\n    float[] arrGrades = {11f,11f,11f,11f,11f,11f};\n    float expected=11f;\n    float result = Task.getBestGrade(arrGrades,arrGrades.length);\n    Assert.assertEquals(expected,result,0.0001);\n  }\n\n}"
            }
          },
          "description_text" : "**Task 3.2**  \n  \nWrite a Java program to read the names and grades of students enrolled in the APROG course.  \nFor logistical reasons, a course will have a maximum of 300 students.  \nThe name and grade of each student must be read sequentially. Reading ends when the name entered is \"END\".  \nAfter that, the program should display the best grade and the name of all students with the highest grade, in separate lines, according to the following format:   \n  \n  <i>Best grade = \\<best grade\\>     \n  \\<name1\\>  \n  \\<name2\\>    \n  ...   \n  \nThe program must be structured in methods.  \n\nTo do this, perform the following tasks:  \n  \n**b)**  \nWrite the method **float getBestGrade(float[] arrGrades, int students)** that receives by parameter an array of grades and the number of students enrolled in APROG.  \nThe method must return the highest grade, or -1 if there are no grades.  \n  \n  \n",
          "description_format" : "MD",
          "feedback_link" : {
            "link_type" : "STEPIK"
          },
          "task_type" : "edu"
        },
        {
          "name" : "task3_3",
          "files" : {
            "src/Task.java" : {
              "name" : "src/Task.java",
              "placeholders" : [
                {
                  "offset" : 541,
                  "length" : 20,
                  "possible_answer" : "        System.out.println(\"Best grade = \" + grade);\n        for (int i = 0; i < students; i++) {\n            if (arrGrades[i] == grade) {\n                System.out.println(arrNames[i]);\n            }\n        }\n",
                  "placeholder_text" : "//put your code here"
                },
                {
                  "offset" : 895,
                  "length" : 21,
                  "dependency" : {
                    "lesson" : "lesson3",
                    "task" : "task3_2",
                    "file" : "src/Task.java",
                    "placeholder" : 0,
                    "is_visible" : false
                  },
                  "possible_answer" : "        float bestGrade = -1f;\n        for (int i = 0; i < students; i++) {\n            if (arrGrades[i] > bestGrade)\n                bestGrade = arrGrades[i];\n        }\n        return bestGrade;",
                  "placeholder_text" : "// put your code here"
                },
                {
                  "offset" : 1266,
                  "length" : 21,
                  "dependency" : {
                    "lesson" : "lesson3",
                    "task" : "task3_2",
                    "file" : "src/Task.java",
                    "placeholder" : 1,
                    "is_visible" : false
                  },
                  "possible_answer" : "\n        int students = 0;\n        String name = \"\";\n        float grade = 0;\n        name = sc.nextLine();\n        while (!name.equalsIgnoreCase(\"END\")) {\n            grade = Float.parseFloat(sc.nextLine());  //grade=sc.nextFloat(); sc.nextLine();\n            arrNames[students] = name;\n            arrGrades[students] = grade;\n            students++;\n\n            name = sc.nextLine();\n        }\n        return students;",
                  "placeholder_text" : "// put your code here"
                }
              ],
              "is_visible" : true,
              "text" : "import java.util.Scanner;\n\npublic class Task {\n    public static void main(String[] args) {\n\n    }\n\n    /**\n     * Print the name of students who have the same grade as the parameter <grade>\n     *\n     * @param grade     the reference value\n     * @param arrGrades array with students' grades\n     * @param arrNames  array with students' name\n     * @param students  the number of students enrolled in APROG\n     */\n    public static void printNameOfStudentsWithBestGrade(float grade, float arrGrades[], String[] arrNames, int students) {\n\n//put your code here\n\n    }\n\n\n    /**\n     * Get the best grade among the APROG grades\n     *\n     * @param arrGrades array with students' grade\n     * @param students  the number of students enrolled in APROG\n     * @return the highest grade, or -1 if there are no grades\n     */\n    public static float getBestGrade(float[] arrGrades, int students) {\n\n// put your code here\n\n    }\n\n    /**\n     * Read students' name and grade\n     *\n     * @param arrNames  array to store students' name\n     * @param arrGrades array to store students' grade\n     * @return the number of students\n     */\n    public static int readNameAndGradeOfStudents(String[] arrNames, float[] arrGrades) {\n        Scanner sc = new Scanner(System.in);\n// put your code here\n\n    }\n\n}"
            },
            "test/Tests.java" : {
              "name" : "test/Tests.java",
              "placeholders" : [ ],
              "is_visible" : false,
              "text" : "import org.junit.After;\nimport org.junit.Assert;\nimport org.junit.Before;\nimport org.junit.Test;\n\nimport java.io.ByteArrayInputStream;\nimport java.io.ByteArrayOutputStream;\nimport java.io.InputStream;\nimport java.io.PrintStream;\n\npublic class Tests {\n    private final InputStream systemIn = System.in;\n    private final PrintStream systemOut = System.out;\n    private ByteArrayInputStream testIn;\n    private ByteArrayOutputStream testOut;\n    final String nl = System.lineSeparator();\n\n    @Before\n    public void redirectSystemOutStream() {\n        testOut = new ByteArrayOutputStream();\n        System.setOut(new PrintStream(testOut));\n    }\n\n    @After\n    public void restoreSystemOutStream() {\n        System.setIn(systemIn);\n        System.setOut(systemOut);\n    }\n\n    private void processInputData(String inputData) {\n        testIn = new ByteArrayInputStream(inputData.getBytes());\n        System.setIn(testIn);\n    }\n\n    @Test\n    public void testSolution1() {\n        //arrange\n        String[] arrNames = {\"Ana A\", \"Berta B\", \"Carla C\", \"Daniela D\", \"Elsa E\", \"Flor F\"};\n        float[] arrGrades = {10f, 20f, 13f, 14f, 15f, 16f};\n        float grade = 20f;\n\n        String expectedOut = \"Best grade = \" + grade + nl;\n        //act\n        Task.printNameOfStudentsWithBestGrade(grade, arrGrades, arrNames, 0); // ZERO students\n        //assert\n        Assert.assertEquals(\"Wrong output\", expectedOut, testOut.toString());\n    }\n\n    @Test\n    public void testSolution2() {\n        //arrange\n        String[] arrNames = {\"Ana A\", \"Berta B\", \"Carla C\", \"Daniela D\", \"Elsa E\", \"Flor F\"};\n        float[] arrGrades = {10f, 20f, 13f, 14f, 15f, 16f};\n        float grade = 20f;\n\n        String expectedOut = \"Best grade = 20.0\" + nl + \"Berta B\" + nl;\n        //act\n        Task.printNameOfStudentsWithBestGrade(grade, arrGrades, arrNames, arrNames.length);\n        //assert\n        Assert.assertEquals(\"Wrong output\", expectedOut, testOut.toString());\n    }\n\n    @Test\n    public void testSolution3() {\n        //arrange\n        String[] arrNames = {\"Ana A\", \"Berta B\", \"Carla C\", \"Daniela D\", \"Elsa E\", \"Flor F\"};\n        float[] arrGrades = {10f, 20f, 13f, 20f, 15f, 20f};\n        float grade = 20f;\n\n        String expectedOut = \"Best grade = 20.0\" + nl + \"Berta B\" + nl + \"Daniela D\" + nl + \"Flor F\" + nl;\n        //act\n        Task.printNameOfStudentsWithBestGrade(grade, arrGrades, arrNames, arrNames.length);\n        //assert\n        Assert.assertEquals(\"Wrong output\", expectedOut, testOut.toString());\n    }\n    @Test\n    public void testSolution4() {\n        //arrange\n        String[] arrNames = {\"Ana A\", \"Berta B\", \"Carla C\", \"Daniela D\", \"Elsa E\", \"Flor F\"};\n        float[] arrGrades = {10f, 20f, 13f, 14f, 15f, 16f};\n        float grade = 11f;\n\n        String expectedOut = \"Best grade = 11.0\" + nl;\n        //act\n        Task.printNameOfStudentsWithBestGrade(grade, arrGrades, arrNames, arrNames.length);\n        //assert\n        Assert.assertEquals(\"Wrong output\", expectedOut, testOut.toString());\n    }\n\n}"
            }
          },
          "description_text" : "**Task 3.3**  \n  \nWrite a Java program to read the names and grades of students enrolled in the APROG course.  \nFor logistical reasons, a course will have a maximum of 300 students.  \nThe name and grade of each student must be read sequentially. Reading ends when the name entered is \"END\".  \nAfter that, the program should display the best grade and the name of all students with the highest grade, in separate lines, according to the following format:   \n  \n  <i>Best grade = \\<best grade\\>     \n  \\<name1\\>  \n  \\<name2\\>    \n  ...   \n  \nThe program must be structured in methods.  \n\nTo do this, perform the following tasks:  \n  \n**c)**  \nWrite the method **void printNameOfStudentsWithBestGrade(float grade, float arrGrades[], String[] arrNames)** that receives by parameter a grade, an array of grades, an array of names, and the number of students enrolled in APROG.    \nThe method must print the name of the students who have the same grade as the parameter grade, using the format specified above.    \n  \n  \n",
          "description_format" : "MD",
          "feedback_link" : {
            "link_type" : "STEPIK"
          },
          "task_type" : "edu"
        },
        {
          "name" : "task3_4",
          "files" : {
            "src/Task.java" : {
              "name" : "src/Task.java",
              "placeholders" : [
                {
                  "offset" : 93,
                  "length" : 20,
                  "possible_answer" : "        final int MAX_STUDENTS = 300;\n        String[] arrNames = new String[MAX_STUDENTS];\n        float[] arrGrades = new float[MAX_STUDENTS];\n\n        int students = readNameAndGradeOfStudents(arrNames, arrGrades);\n        float bestGrade = getBestGrade(arrGrades, students);\n        printNameOfStudentsWithBestGrade(bestGrade, arrGrades, arrNames, students);\n",
                  "placeholder_text" : "//put your code here"
                },
                {
                  "offset" : 563,
                  "length" : 20,
                  "dependency" : {
                    "lesson" : "lesson3",
                    "task" : "task3_3",
                    "file" : "src/Task.java",
                    "placeholder" : 0,
                    "is_visible" : false
                  },
                  "possible_answer" : "        System.out.println(\"Best grade = \" + grade);\n        for (int i = 0; i < students; i++) {\n            if (arrGrades[i] == grade) {\n                System.out.println(arrNames[i]);\n            }\n        }\n",
                  "placeholder_text" : "//put your code here"
                },
                {
                  "offset" : 917,
                  "length" : 21,
                  "dependency" : {
                    "lesson" : "lesson3",
                    "task" : "task3_3",
                    "file" : "src/Task.java",
                    "placeholder" : 1,
                    "is_visible" : false
                  },
                  "possible_answer" : "        float bestGrade = -1f;\n        for (int i = 0; i < students; i++) {\n            if (arrGrades[i] > bestGrade)\n                bestGrade = arrGrades[i];\n        }\n        return bestGrade;",
                  "placeholder_text" : "// put your code here"
                },
                {
                  "offset" : 1288,
                  "length" : 21,
                  "dependency" : {
                    "lesson" : "lesson3",
                    "task" : "task3_3",
                    "file" : "src/Task.java",
                    "placeholder" : 2,
                    "is_visible" : false
                  },
                  "possible_answer" : "\n        int students = 0;\n        String name = \"\";\n        float grade = 0;\n        name = sc.nextLine();\n        while (!name.equalsIgnoreCase(\"END\")) {\n            grade = Float.parseFloat(sc.nextLine());  //grade=sc.nextFloat(); sc.nextLine();\n            arrNames[students] = name;\n            arrGrades[students] = grade;\n            students++;\n\n            name = sc.nextLine();\n        }\n        return students;",
                  "placeholder_text" : "// put your code here"
                }
              ],
              "is_visible" : true,
              "text" : "import java.util.Scanner;\n\npublic class Task {\n    public static void main(String[] args) {\n\n//put your code here\n\n    }\n\n    /**\n     * Print the name of students who have the same grade as the parameter <grade>\n     *\n     * @param grade     the reference value\n     * @param arrGrades array with students' grades\n     * @param arrNames  array with students' name\n     * @param students  the number of students enrolled in APROG\n     */\n    public static void printNameOfStudentsWithBestGrade(float grade, float arrGrades[], String[] arrNames, int students) {\n\n//put your code here\n\n    }\n\n\n    /**\n     * Get the best grade among the APROG grades\n     *\n     * @param arrGrades array with students' grade\n     * @param students  the number of students enrolled in APROG\n     * @return the highest grade, or -1 if there are no grades\n     */\n    public static float getBestGrade(float[] arrGrades, int students) {\n\n// put your code here\n\n    }\n\n    /**\n     * Read students' name and grade\n     *\n     * @param arrNames  array to store students' name\n     * @param arrGrades array to store students' grade\n     * @return the number of students\n     */\n    public static int readNameAndGradeOfStudents(String[] arrNames, float[] arrGrades) {\n        Scanner sc = new Scanner(System.in);\n// put your code here\n\n    }\n\n}"
            },
            "test/Tests.java" : {
              "name" : "test/Tests.java",
              "placeholders" : [ ],
              "is_visible" : false,
              "text" : "import org.junit.After;\nimport org.junit.Assert;\nimport org.junit.Before;\nimport org.junit.Test;\n\nimport java.io.ByteArrayInputStream;\nimport java.io.ByteArrayOutputStream;\nimport java.io.InputStream;\nimport java.io.PrintStream;\n\npublic class Tests {\n  private final InputStream systemIn = System.in;\n  private final PrintStream systemOut = System.out;\n  private ByteArrayInputStream testIn;\n  private ByteArrayOutputStream testOut;\n  final String nl = System.lineSeparator();\n\n  @Before\n  public void redirectSystemOutStream() {\n    testOut = new ByteArrayOutputStream();\n    System.setOut(new PrintStream(testOut));\n  }\n\n  @After\n  public void restoreSystemOutStream() {\n    System.setIn(systemIn);\n    System.setOut(systemOut);\n  }\n\n  private void processInputData(String inputData) {\n    testIn = new ByteArrayInputStream(inputData.getBytes());\n    System.setIn(testIn);\n  }\n\n  @Test\n  public void testSolution1() {\n    //arrange\n    String[] arrNames = new String[300];\n    float[] arrGrades = new float[300];\n\n    String[] inArrNames = {\"Ana A\", \"Berta B\", \"Carla C\", \"Daniela D\", \"Elsa E\", \"Flor F\"};\n    float[] inArrGrades = {10f, 20f, 13f, 14f, 15f, 16f};\n\n    StringBuilder dataIn = new StringBuilder();\n    for (int i = 0; i < inArrGrades.length; i++) {\n      dataIn.append(inArrNames[i]).append(nl);\n      dataIn.append(inArrGrades[i]).append(nl);\n    }\n    dataIn.append(\"END\");\n\n    String expectedOut = \"Best grade = 20.0\" + nl + \"Berta B\" + nl;\n    //act\n    processInputData(dataIn.toString());\n    Task.main(null);\n    //assert\n    Assert.assertEquals(\"Wrong output\", expectedOut, testOut.toString());\n  }\n\n  @Test\n  public void testSolution2() {\n    //arrange\n    String[] arrNames = new String[300];\n    float[] arrGrades = new float[300];\n\n    String[] inArrNames = {\"Ana A\", \"Berta B\", \"Carla C\", \"Daniela D\", \"Elsa E\", \"Flor F\"};\n    float[] inArrGrades = {11f, 11f, 10f, 11f, 11f, 10f};\n\n    StringBuilder dataIn = new StringBuilder();\n    for (int i = 0; i < inArrGrades.length; i++) {\n      dataIn.append(inArrNames[i]).append(nl);\n      dataIn.append(inArrGrades[i]).append(nl);\n    }\n    dataIn.append(\"END\");\n\n    String expectedOut = \"Best grade = 11.0\" + nl + \"Ana A\" + nl + \"Berta B\" + nl + \"Daniela D\" + nl + \"Elsa E\" + nl;\n    //act\n    processInputData(dataIn.toString());\n    Task.main(null);\n    //assert\n    Assert.assertEquals(\"Wrong output\", expectedOut, testOut.toString());\n  }\n\n  //ZERO alunos\n  @Test\n  public void testSolution3() {\n    //arrange\n    String[] arrNames = new String[300];\n    float[] arrGrades = new float[300];\n\n//    String[] inArrNames ={\"Ana A\",\"Berta B\",\"Carla C\",\"Daniela D\",\"Elsa E\",\"Flor F\"};\n//    float[] inArrGrades ={11f,11f,10f,11f,11f,10f};\n//\n    StringBuilder dataIn = new StringBuilder();\n//    for (int i = 0; i < inArrGrades.length; i++) {\n//      dataIn.append(inArrNames[i]).append(nl);\n//      dataIn.append(inArrGrades[i]).append(nl);\n//    }\n    dataIn.append(\"END\");\n\n    String expectedOut = \"Best grade = -1.0\" + nl;\n    //act\n    processInputData(dataIn.toString());\n    Task.main(null);\n    //assert\n    Assert.assertEquals(\"Wrong output\", expectedOut, testOut.toString());\n  }\n\n}"
            }
          },
          "description_text" : "**Task 3.4**  \n  \nWrite a Java program to read the names and grades of students enrolled in the APROG course.  \nFor logistical reasons, a course will have a maximum of 300 students.  \nThe name and grade of each student must be read sequentially. Reading ends when the name entered is \"END\".  \nAfter that, the program should display the best grade and the name of all students with the highest grade, in separate lines, according to the following format:   \n  \n  <i>Best grade = \\<best grade\\>     \n  \\<name1\\>  \n  \\<name2\\>    \n  ...   \n  \nThe program must be structured in methods.  \n\nTo do this, perform the following tasks:  \n  \n**d)**  \ncomplete the main method to do:\n- declare constant: \n<code><pre>\n  final int MAX_STUDENTS = 300;\n</code></pre>\n- declare arrays: \n<code><pre>\n  String[] arrNames = new String[MAX_STUDENTS];\n  float[] arrGrades = new float[MAX_STUDENTS];\n</code></pre>\n- call the methods to:  \n    - read names and grades  \n<code><pre>\nint students = readNameAndGradeOfStudents(arrNames, arrGrades);\n</code></pre>\n    - get the best grade from array of grades  \n<code><pre>\nfloat bestGrade = getBestGrade(arrGrades, students);\n</code></pre>    \n    - print the name of all students who have a grade equal to the highest grade  \n<code><pre>\nprintNameOfStudentsWithBestGrade(bestGrade, arrGrades, arrNames, students);\n</code></pre>\n- run and test the program as you like ;) \n\n",
          "description_format" : "MD",
          "feedback_link" : {
            "link_type" : "STEPIK"
          },
          "task_type" : "edu"
        }
      ],
      "type" : "framework"
    }
  ],
  "additional_files" : [
    {
      "name" : "build.gradle",
      "placeholders" : [ ],
      "is_visible" : true,
      "text" : "buildscript {\n    repositories {\n        mavenCentral()\n    }\n}\n\ndef printOutput(def output) {\n    return tasks.create(\"printOutput\") {\n        for (line in output.toString().readLines()) {\n            println \"#educational_plugin\" + line\n        }\n    }\n}\n\nsubprojects {\n    apply plugin: 'application'\n    apply plugin: 'java'\n\n    sourceCompatibility = 1.8\n\n    repositories {\n        mavenCentral()\n    }\n\n    dependencies {\n        testCompile group: 'junit', name: 'junit', version: '4.12'\n    }\n\n    sourceSets {\n        main {\n            java.srcDir 'src'\n        }\n        test {\n            java.srcDir 'test'\n        }\n    }\n\n    mainClassName = project.hasProperty(\"mainClass\") ? project.getProperty(\"mainClass\") : \"\"\n\n    def runOutput = new ByteArrayOutputStream()\n    tasks.run.setStandardOutput(runOutput)\n    tasks.run.doLast { printOutput(runOutput) }\n}\n\nproject(':util') {\n    dependencies {\n        compile group: 'junit', name: 'junit', version: '4.12'\n    }\n}\n\nconfigure(subprojects.findAll {it.name != 'util'}) {\n  dependencies {\n    compile project(':util').sourceSets.main.output\n    testCompile project(':util').sourceSets.test.output\n  }\n}\n"
    }
  ],
  "version" : 11
}