{
  "summary" : "<strong>APROG DEI</strong><br><br>\n<strong>Java Programming<br>\n</strong><br>\nEmanuel Cunha Silva<br>\necs@isep.ipp.pt<br>\n<br>",
  "title" : "APROG TP9",
  "authors" : [
    "Emanuel Silva"
  ],
  "programming_language" : "JAVA",
  "language" : "en",
  "course_type" : "PyCharm",
  "items" : [
    {
      "title" : "lesson1",
      "task_list" : [
        {
          "name" : "task0",
          "files" : {
            "src/Main.java" : {
              "name" : "src/Main.java",
              "placeholders" : [ ],
              "is_visible" : true,
              "text" : "public class Main {\n   public static void main(String[] args) {\n      // Write your solution here\n   }\n}"
            }
          },
          "description_text" : "#### Lesson TP 9:\n\nSPECIFIC GOALS: Arrays\n\nThe students should be able to:\n- Analyze a problem  \n- Design an algorithm, structuring it in modules and use one-dimensional and bi-dimensional arrays  \n- Develop methods for manipulating arrays  \n",
          "description_format" : "MD",
          "feedback_link" : {
            "link_type" : "STEPIK"
          },
          "task_type" : "theory"
        },
        {
          "choiceOptions" : [
            {
              "text" : "<b>static final int NUMBER_OF_DIGITS = 10;</b><br>declares the variable NUMBER_OF_DIGITS with value 10",
              "status" : "INCORRECT"
            },
            {
              "text" : "<b>static final int NUMBER_OF_DIGITS = 10;</b><br>declares the constant NUMBER_OF_DIGITS with value 10",
              "status" : "CORRECT"
            },
            {
              "text" : "<b>int[] arr1 = {12345, 1011, 20946, 82530, 3322222};</b><br>creates an empty array of integers with size 5",
              "status" : "INCORRECT"
            },
            {
              "text" : "<b>int[] arr1 = {12345, 1011, 20946, 82530, 3322222};</b><br>does not create an array because the word <i>new</i> is missing.",
              "status" : "INCORRECT"
            },
            {
              "text" : "<b>int[] arr1 = {12345, 1011, 20946, 82530, 3322222};</b><br>creates and populates an array with the list of values",
              "status" : "CORRECT"
            },
            {
              "text" : "<b>int[][] arr2 = new int[arr1.length][NUMBER_OF_DIGITS];</b><br>creates a bi-dimensional array of integers with 5 lines and 10 columns",
              "status" : "CORRECT"
            },
            {
              "text" : "<b>int[][] arr2 = new int[arr1.length][NUMBER_OF_DIGITS];</b><br>creates a bi-dimensional array of integers with 10 lines and 5 columns",
              "status" : "INCORRECT"
            },
            {
              "text" : "<b>int[][] arr2 = new int[arr1.length][NUMBER_OF_DIGITS];</b><br>creates a bi-dimensional array and populates it with zeros",
              "status" : "CORRECT"
            }
          ],
          "isMultipleChoice" : true,
          "name" : "task1_1",
          "files" : {
            "src/Main.java" : {
              "name" : "src/Main.java",
              "placeholders" : [ ],
              "is_visible" : true,
              "text" : "public class Main {\n    static final int NUMBER_OF_DIGITS = 10;\n\n    public static void main(String[] args) {\n        int[] arr1 = {12345, 1011, 20946, 82530, 3322222};\n        int[][] arr2 = new int[arr1.length][NUMBER_OF_DIGITS];\n        calculateDigits(arr1, arr2);\n        printDigitsOfNumbers(arr1, arr2);\n    }\n\n    public static void calculateDigits(int[] arr1, int[][] arr2) {\n        for (int i = 0; i < arr1.length; i++) {\n            int number = arr1[i];\n            do {\n                int digit = number % 10;\n                number /= 10;\n                arr2[i][digit]++;\n            } while (number != 0);\n        }\n    }\n\n    public static void printDigitsOfNumbers(int[] arr1, int[][] arr2) {\n        for (int number = 0; number < arr1.length; number++) {\n            System.out.printf(\"[%7d]\", arr1[number]);\n            for (int digit = 0; digit < arr2[number].length; digit++) {\n                if (arr2[number][digit] > 0) {\n                    System.out.printf(\" %d(%dX);\", digit, arr2[number][digit]);\n                }\n            }\n            System.out.println();\n        }\n    }\n}"
            }
          },
          "description_text" : "**Task 1.1:**  \n  \n  \nAnalyze the Java program and deduce its functionality.\n\n",
          "description_format" : "MD",
          "feedback_link" : {
            "link_type" : "STEPIK"
          },
          "task_type" : "choice"
        },
        {
          "choiceOptions" : [
            {
              "text" : "<b>arr1.length</b> indicates how many values the array can store at the same time",
              "status" : "CORRECT"
            },
            {
              "text" : "<b>arr1.length</b> indicates how many values, with meaning, are in the array",
              "status" : "INCORRECT"
            },
            {
              "text" : "<b>arr2[number].length</b> indicates the quantity of rows in the column <i>number</i>",
              "status" : "INCORRECT"
            },
            {
              "text" : "<b>arr2[number].length</b> indicates the quantity of columns in the row <i>number</i>",
              "status" : "CORRECT"
            },
            {
              "text" : "<b>arr2[number].length</b> indicates how many digits the integer at the position <i>arr2[number]</i> has",
              "status" : "INCORRECT"
            },
            {
              "text" : "<b>System.out.printf(\"[%7d]\", arr1[number]);</b> prints the contents of the <i>number</i> position of the array, using 7 decimal places",
              "status" : "INCORRECT"
            },
            {
              "text" : "<b>System.out.printf(\"[%7d]\", arr1[number]);</b> prints the contents of the <i>number</i> position of the array, using 7 spaces, aligned to the right",
              "status" : "CORRECT"
            },
            {
              "text" : "<b>System.out.println(\"\");</b> the quotes are irrelevant. <b>System.out.println();</b> do the same",
              "status" : "CORRECT"
            }
          ],
          "isMultipleChoice" : true,
          "name" : "task1_2",
          "files" : {
            "src/Main.java" : {
              "name" : "src/Main.java",
              "placeholders" : [ ],
              "is_visible" : true,
              "text" : "public class Main {\n   static final int NUMBER_OF_DIGITS = 10;\n\n   public static void main(String[] args) {\n      int[] arr1 = {12345, 1011, 20946, 82530, 3322222};\n      int[][] arr2 = new int[arr1.length][NUMBER_OF_DIGITS];\n      calculateDigits(arr1, arr2);\n      printDigitsOfNumbers(arr1, arr2);\n   }\n\n   public static void calculateDigits(int[] arr1, int[][] arr2) {\n      for (int i = 0; i < arr1.length; i++) {\n         int number = arr1[i];\n         do {\n            int digit = number % 10;\n            number /= 10;\n            arr2[i][digit]++;\n         } while (number != 0);\n      }\n   }\n\n   public static void printDigitsOfNumbers(int[] arr1, int[][] arr2) {\n      for (int number = 0; number < arr1.length; number++) {\n         System.out.printf(\"[%7d]\", arr1[number]);\n         for (int digit = 0; digit < arr2[number].length; digit++) {\n            if (arr2[number][digit] > 0) {\n               System.out.printf(\" %d(%dX);\", digit, arr2[number][digit]);\n            }\n         }\n         System.out.println();\n      }\n   }\n}"
            }
          },
          "description_text" : "**Task 1.2:**\n\n\nAnalyze the Java program and deduce its functionality.\n\n",
          "description_format" : "MD",
          "feedback_link" : {
            "link_type" : "STEPIK"
          },
          "task_type" : "choice"
        }
      ],
      "type" : "lesson"
    },
    {
      "title" : "lesson2",
      "task_list" : [
        {
          "name" : "task2_1",
          "files" : {
            "src/Task.java" : {
              "name" : "src/Task.java",
              "placeholders" : [
                {
                  "offset" : 368,
                  "length" : 20,
                  "possible_answer" : "\n        int workers = sc.nextInt(); //read the number of workers\n\n        if (workers < 0)  //set ZERO as minimum value for \"workers\"\n            workers = 0;\n\n        arr = new double[workers];  //create an empty array with size \"workers\"\n\n        for (int i = 0; i < arr.length; i++) {\n            arr[i] = sc.nextDouble();   //read each salary into array\n        }\n        return arr; //return array filled with salaries\n",
                  "placeholder_text" : "//put your code here"
                }
              ],
              "is_visible" : true,
              "text" : "import java.util.Scanner;\n\npublic class Task {\n    public static void main(String[] args) {\n        double[] arrSalaries;\n//a)\n        arrSalaries = readWorkersSalary();\n\n    }\n\n    //==================================================================\n    public static double[] readWorkersSalary() {\n        Scanner sc = new Scanner(System.in);\n        double[] arr;\n\n//put your code here\n\n    }\n}"
            },
            "test/Tests.java" : {
              "name" : "test/Tests.java",
              "placeholders" : [ ],
              "is_visible" : false,
              "text" : "import org.junit.After;\nimport org.junit.Assert;\nimport org.junit.Before;\nimport org.junit.Test;\n\nimport java.io.ByteArrayInputStream;\nimport java.io.ByteArrayOutputStream;\nimport java.io.InputStream;\nimport java.io.PrintStream;\n\npublic class Tests {\n    private final InputStream systemIn = System.in;\n    private final PrintStream systemOut = System.out;\n    private ByteArrayInputStream testIn;\n    private ByteArrayOutputStream testOut;\n    final String nl = System.lineSeparator();\n\n    @Before\n    public void redirectSystemOutStream() {\n        testOut = new ByteArrayOutputStream();\n        System.setOut(new PrintStream(testOut));\n    }\n\n    @After\n    public void restoreSystemOutStream() {\n        System.setIn(systemIn);\n        System.setOut(systemOut);\n    }\n\n    private void processInputData(String inputData) {\n        testIn = new ByteArrayInputStream(inputData.getBytes());\n        System.setIn(testIn);\n    }\n\n    @Test\n    public void testSolution1() {\n        //arrange\n        String dataIn = \"5 500.0 475.5 1500.1 1200.2 1000.0\";\n\n        double[] expectedArrSalaries = {500.0, 475.5, 1500.1, 1200.2, 1000.0};\n\n        //act\n        processInputData(dataIn);\n        double[] result = Task.readWorkersSalary();\n        //assert\n        Assert.assertArrayEquals(\"Array of salaries does not match\", expectedArrSalaries, result,0.0001);\n    }\n\n    @Test\n    public void testSolution2() {\n      //arrange\n      String dataIn = \"-5 500.0 475.5 1500.1 1200.2 1000.0\";\n\n      double[] expectedArrSalaries = {};\n\n      //act\n      processInputData(dataIn);\n      double[] result = Task.readWorkersSalary();\n      //assert\n      Assert.assertArrayEquals(\"Array of salaries must be empty - workers=0\", expectedArrSalaries, result,0.0001);\n    }\n\n}"
            }
          },
          "description_text" : "**Task 2.1**  \n  \nWrite a Java program with the following features:  \na) Read the salaries of N employees (indicated by the user) to an array;  \nb) Verify if a certain salary, entered by the user, exists in the array;  \nc) Determine the average salary;  \nd) Create a two-dimensional array with two columns containing, in the first column the salary value and in the second column its deviation from the average;  \ne) Display salaries and their deviations from the average;  \nf) Display salary values below average;  \ng) Sort salaries in descending order;  \n  \n  \nThe program must be structured in methods.  \n\nTo do this, perform the following tasks:  \n  \n**a)**  \nWrite the method **public static double[] readWorkersSalary()**.    \nFirst, the number of workers to be processed must be read. If the number entered is less than zero, you must consider zero workers.   \nNext, the salary of each worker must be read and stored in an array.   \nFinally, the filled array must be returned.  \n  \n",
          "description_format" : "MD",
          "feedback_link" : {
            "link_type" : "STEPIK"
          },
          "task_type" : "edu"
        },
        {
          "name" : "task2_2",
          "files" : {
            "src/Task.java" : {
              "name" : "src/Task.java",
              "placeholders" : [
                {
                  "offset" : 612,
                  "length" : 20,
                  "possible_answer" : "        for (int i = 0; i < arr.length; i++) {  //for each salary\n            if (arr[i] == salary) { //compare the value of salaries\n                return true;        //if found an equal salary\n            }\n        }\n        return false;               //not found an equal salary\n",
                  "placeholder_text" : "//put your code here"
                },
                {
                  "offset" : 831,
                  "length" : 20,
                  "dependency" : {
                    "lesson" : "lesson2",
                    "task" : "task2_1",
                    "file" : "src/Task.java",
                    "placeholder" : 0,
                    "is_visible" : false
                  },
                  "possible_answer" : "\n        int workers = sc.nextInt(); //read the number of workers\n\n        if (workers < 0)  //set ZERO as minimum value for \"workers\"\n            workers = 0;\n\n        arr = new double[workers];  //create an empty array with size \"workers\"\n\n        for (int i = 0; i < arr.length; i++) {\n            arr[i] = sc.nextDouble();   //read each salary into array\n        }\n        return arr; //return array filled with salaries\n",
                  "placeholder_text" : "//put your code here"
                }
              ],
              "is_visible" : true,
              "text" : "import java.util.Scanner;\n\npublic class Task {\n    public static void main(String[] args) {\n        double[] arrSalaries;\n//a)\n        arrSalaries = readWorkersSalary();\n//b)\n        double salaryToSearch = 1200.2;\n        if (thisSalaryExist(salaryToSearch, arrSalaries))\n            System.out.println(\"There are workers with salary=\" + salaryToSearch);\n        else\n            System.out.println(\"There are NO workers with salary=\" + salaryToSearch);\n\n\n    }\n\n    //===================================================================\n    public static boolean thisSalaryExist(double salary, double[] arr) {\n\n//put your code here\n\n    }\n\n    //==================================================================\n    public static double[] readWorkersSalary() {\n        Scanner sc = new Scanner(System.in);\n        double[] arr;\n\n//put your code here\n\n    }\n}"
            },
            "test/Tests.java" : {
              "name" : "test/Tests.java",
              "placeholders" : [ ],
              "is_visible" : false,
              "text" : "import org.junit.After;\nimport org.junit.Assert;\nimport org.junit.Before;\nimport org.junit.Test;\n\nimport java.io.ByteArrayInputStream;\nimport java.io.ByteArrayOutputStream;\nimport java.io.InputStream;\nimport java.io.PrintStream;\n\npublic class Tests {\n    private final InputStream systemIn = System.in;\n    private final PrintStream systemOut = System.out;\n    private ByteArrayInputStream testIn;\n    private ByteArrayOutputStream testOut;\n    final String nl = System.lineSeparator();\n\n    @Before\n    public void redirectSystemOutStream() {\n        testOut = new ByteArrayOutputStream();\n        System.setOut(new PrintStream(testOut));\n    }\n\n    @After\n    public void restoreSystemOutStream() {\n        System.setIn(systemIn);\n        System.setOut(systemOut);\n    }\n\n    private void processInputData(String inputData) {\n        testIn = new ByteArrayInputStream(inputData.getBytes());\n        System.setIn(testIn);\n    }\n\n    @Test\n    public void testSolution1() {   //salary EXISTS\n        //arrange\n        String dataIn = \"5 500.0 475.5 1500.1 1200.2 1000.0\";\n        double salary = 1200.2;\n        boolean expectedResult = true;\n        //act\n        processInputData(dataIn);\n        double[] arrSalaries = Task.readWorkersSalary();\n        boolean result = Task.thisSalaryExist(salary, arrSalaries);\n        //assert\n        Assert.assertEquals(\"There area workers with that Salary\", expectedResult, result);\n    }\n\n    @Test\n    public void testSolution2() {   // salary DOES NOT exist\n        //arrange\n        String dataIn = \"5 500.0 475.5 1500.1 1200.2 1000.0\";\n        double salary = 111.1;\n        boolean expectedResult = false;\n        //act\n        processInputData(dataIn);\n        double[] arrSalaries = Task.readWorkersSalary();\n        boolean result = Task.thisSalaryExist(salary, arrSalaries);\n        //assert\n        Assert.assertEquals(\"There area NO workers with that Salary\", expectedResult, result);\n    }\n\n    @Test\n    public void testSolution3() {   //empty array\n        //arrange\n        String dataIn = \"-5 \";\n        double salary = 1222.2;\n        boolean expectedResult = false;\n        //act\n        processInputData(dataIn);\n        double[] arrSalaries = Task.readWorkersSalary();\n        boolean result = Task.thisSalaryExist(salary, arrSalaries);\n        //assert\n        Assert.assertEquals(\"There area NO workers with that Salary\", expectedResult, result);\n    }\n\n}"
            }
          },
          "description_text" : "**Task 2.2**  \n  \nWrite a Java program with the following features:  \na) Read the salaries of N employees (indicated by the user) to an array;  \nb) Verify if a certain salary, entered by the user, exists in the array;  \nc) Determine the average salary;  \nd) Create a two-dimensional array with two columns containing, in the first column the salary value and in the second column its deviation from the average;  \ne) Display salaries and their deviations from the average;  \nf) Display salary values below average;  \ng) Sort salaries in descending order;  \n  \n  \nThe program must be structured in methods.  \n\nTo do this, perform the following tasks:  \n  \n**b)**  \nWrite the method **public static boolean thisSalaryExist(double salary, double[] arr)** that receives by parameter a salary and an array of salaries.    \nThe method must return _true_ or _false_ if the value of _salary_ exists in the array (_arr_) or not, respectively.  \n  \n",
          "description_format" : "MD",
          "feedback_link" : {
            "link_type" : "STEPIK"
          },
          "task_type" : "edu"
        },
        {
          "name" : "task2_3",
          "files" : {
            "src/Task.java" : {
              "name" : "src/Task.java",
              "placeholders" : [
                {
                  "offset" : 675,
                  "length" : 20,
                  "possible_answer" : "        if (arr.length == 0)    //if there are NO workers\n            return 0;\n\n        double sum = 0.0;\n        for (int i = 0; i < arr.length; i++) {\n            sum += arr[i];\n        }\n        return (sum / arr.length);\n",
                  "placeholder_text" : "//put your code here"
                },
                {
                  "offset" : 852,
                  "length" : 20,
                  "dependency" : {
                    "lesson" : "lesson2",
                    "task" : "task2_2",
                    "file" : "src/Task.java",
                    "placeholder" : 1,
                    "is_visible" : false
                  },
                  "possible_answer" : "        for (int i = 0; i < arr.length; i++) {  //for each salary\n            if (arr[i] == salary) { //compare the value of salaries\n                return true;        //if found an equal salary\n            }\n        }\n        return false;               //not found an equal salary\n",
                  "placeholder_text" : "//put your code here"
                },
                {
                  "offset" : 1071,
                  "length" : 20,
                  "dependency" : {
                    "lesson" : "lesson2",
                    "task" : "task2_2",
                    "file" : "src/Task.java",
                    "placeholder" : 0,
                    "is_visible" : false
                  },
                  "possible_answer" : "\n        int workers = sc.nextInt(); //read the number of workers\n\n        if (workers < 0)  //set ZERO as minimum value for \"workers\"\n            workers = 0;\n\n        arr = new double[workers];  //create an empty array with size \"workers\"\n\n        for (int i = 0; i < arr.length; i++) {\n            arr[i] = sc.nextDouble();   //read each salary into array\n        }\n        return arr; //return array filled with salaries\n",
                  "placeholder_text" : "//put your code here"
                }
              ],
              "is_visible" : true,
              "text" : "import java.util.Scanner;\n\npublic class Task {\n    public static void main(String[] args) {\n        double[] arrSalaries;\n//a)\n        arrSalaries = readWorkersSalary();\n//b)\n        double salaryToSearch = 1200.2;\n        if (thisSalaryExist(salaryToSearch, arrSalaries))\n            System.out.println(\"There are workers with salary=\" + salaryToSearch);\n        else\n            System.out.println(\"There are NO workers with salary=\" + salaryToSearch);\n//c)\n        System.out.println(\"Average salary = \" + averageSalary(arrSalaries));\n    }\n\n    //===================================================================\n    public static double averageSalary(double[] arr) {\n\n//put your code here\n\n    }\n\n    //===================================================================\n    public static boolean thisSalaryExist(double salary, double[] arr) {\n\n//put your code here\n\n    }\n\n    //==================================================================\n    public static double[] readWorkersSalary() {\n        Scanner sc = new Scanner(System.in);\n        double[] arr;\n\n//put your code here\n\n    }\n}"
            },
            "test/Tests.java" : {
              "name" : "test/Tests.java",
              "placeholders" : [ ],
              "is_visible" : false,
              "text" : "import org.junit.After;\nimport org.junit.Assert;\nimport org.junit.Before;\nimport org.junit.Test;\n\nimport java.io.ByteArrayInputStream;\nimport java.io.ByteArrayOutputStream;\nimport java.io.InputStream;\nimport java.io.PrintStream;\n\npublic class Tests {\n  private final InputStream systemIn = System.in;\n  private final PrintStream systemOut = System.out;\n  private ByteArrayInputStream testIn;\n  private ByteArrayOutputStream testOut;\n  final String nl = System.lineSeparator();\n\n  @Before\n  public void redirectSystemOutStream() {\n    testOut = new ByteArrayOutputStream();\n    System.setOut(new PrintStream(testOut));\n  }\n\n  @After\n  public void restoreSystemOutStream() {\n    System.setIn(systemIn);\n    System.setOut(systemOut);\n  }\n\n  private void processInputData(String inputData) {\n    testIn = new ByteArrayInputStream(inputData.getBytes());\n    System.setIn(testIn);\n  }\n\n  @Test\n  public void testSolution1() {\n    //arrange\n    String dataIn = \"5 500.0 475.5 1500.1 1200.2 1000.0\";\n    double expectedResult = 935.1600000000001;\n    //act\n    processInputData(dataIn);\n    double[] arrSalaries = Task.readWorkersSalary();\n    double result = Task.averageSalary( arrSalaries);\n    //assert\n    Assert.assertEquals(\"Wrong Average\", expectedResult, result,0.00001);\n  }\n\n  @Test\n  public void testSolution2() {\n    //arrange\n    String dataIn = \"7 100 200 300 400 500 600 700\";\n    double expectedResult = 400;\n    //act\n    processInputData(dataIn);\n    double[] arrSalaries = Task.readWorkersSalary();\n    double result = Task.averageSalary( arrSalaries);\n    //assert\n    Assert.assertEquals(\"Wrong Average\", expectedResult, result,0.00001);\n  }\n\n  @Test\n  public void testSolution3() {   // there are NO workers\n    //arrange\n    String dataIn = \"-7 \";\n    double expectedResult = 0;\n    //act\n    processInputData(dataIn);\n    double[] arrSalaries = Task.readWorkersSalary();\n    double result = Task.averageSalary( arrSalaries);\n    //assert\n    Assert.assertEquals(\"Wrong Average - there are NO workers\", expectedResult, result,0.00001);\n  }\n\n}"
            }
          },
          "description_text" : "**Task 2.3**  \n  \nWrite a Java program with the following features:  \na) Read the salaries of N employees (indicated by the user) to an array;  \nb) Verify if a certain salary, entered by the user, exists in the array;  \nc) Determine the average salary;  \nd) Create a two-dimensional array with two columns containing, in the first column the salary value and in the second column its deviation from the average;  \ne) Display salaries and their deviations from the average;  \nf) Display salary values below average;  \ng) Sort salaries in descending order;  \n  \n  \nThe program must be structured in methods.  \n\nTo do this, perform the following tasks:  \n  \n**c)**  \nWrite the method **public static double averageSalary(double[] arr)** that receives an array of salaries by parameter and returns the average of its values.    \nIf there are no workers, the average should be zero.  \n",
          "description_format" : "MD",
          "feedback_link" : {
            "link_type" : "STEPIK"
          },
          "task_type" : "edu"
        },
        {
          "name" : "task2_4",
          "files" : {
            "src/Task.java" : {
              "name" : "src/Task.java",
              "placeholders" : [
                {
                  "offset" : 880,
                  "length" : 20,
                  "possible_answer" : "        double[][] arrResult = new double[arr.length][2];   //create array to fill and return\n        double average = averageSalary(arr);                //calculate salaries average\n        for (int i = 0; i < arr.length; i++) {\n            arrResult[i][0] = arr[i];                       //stores the salary\n            arrResult[i][1] = arr[i] - average;             //stores the deviation on the same row\n        }\n        return arrResult;                                   //returns the result bi-dimensional array\n",
                  "placeholder_text" : "//put your code here"
                },
                {
                  "offset" : 1039,
                  "length" : 20,
                  "dependency" : {
                    "lesson" : "lesson2",
                    "task" : "task2_3",
                    "file" : "src/Task.java",
                    "placeholder" : 0,
                    "is_visible" : false
                  },
                  "possible_answer" : "        if (arr.length == 0)    //if there are NO workers\n            return 0;\n\n        double sum = 0.0;\n        for (int i = 0; i < arr.length; i++) {\n            sum += arr[i];\n        }\n        return (sum / arr.length);\n",
                  "placeholder_text" : "//put your code here"
                },
                {
                  "offset" : 1216,
                  "length" : 20,
                  "dependency" : {
                    "lesson" : "lesson2",
                    "task" : "task2_3",
                    "file" : "src/Task.java",
                    "placeholder" : 1,
                    "is_visible" : false
                  },
                  "possible_answer" : "        for (int i = 0; i < arr.length; i++) {  //for each salary\n            if (arr[i] == salary) { //compare the value of salaries\n                return true;        //if found an equal salary\n            }\n        }\n        return false;               //not found an equal salary\n",
                  "placeholder_text" : "//put your code here"
                },
                {
                  "offset" : 1435,
                  "length" : 20,
                  "dependency" : {
                    "lesson" : "lesson2",
                    "task" : "task2_3",
                    "file" : "src/Task.java",
                    "placeholder" : 2,
                    "is_visible" : false
                  },
                  "possible_answer" : "\n        int workers = sc.nextInt(); //read the number of workers\n\n        if (workers < 0)  //set ZERO as minimum value for \"workers\"\n            workers = 0;\n\n        arr = new double[workers];  //create an empty array with size \"workers\"\n\n        for (int i = 0; i < arr.length; i++) {\n            arr[i] = sc.nextDouble();   //read each salary into array\n        }\n        return arr; //return array filled with salaries\n",
                  "placeholder_text" : "//put your code here"
                }
              ],
              "is_visible" : true,
              "text" : "import java.util.Arrays;\nimport java.util.Scanner;\n\npublic class Task {\n    public static void main(String[] args) {\n        double[] arrSalaries;\n        double[][] arrDeviations;   //array to store salaries and deviations\n\n//a)\n        arrSalaries = readWorkersSalary();\n//b)\n        double salaryToSearch = 1200.2;\n        if (thisSalaryExist(salaryToSearch, arrSalaries))\n            System.out.println(\"There are workers with salary=\" + salaryToSearch);\n        else\n            System.out.println(\"There are NO workers with salary=\" + salaryToSearch);\n//c)\n        System.out.println(\"Average salary = \" + averageSalary(arrSalaries));\n//d)\n        arrDeviations = getDeviationOfSalariesFromAverage(arrSalaries);\n\n    }\n\n    //===================================================================\n    public static double[][] getDeviationOfSalariesFromAverage(double[] arr) {\n\n//put your code here\n\n    }\n\n    //===================================================================\n    public static double averageSalary(double[] arr) {\n\n//put your code here\n\n    }\n\n    //===================================================================\n    public static boolean thisSalaryExist(double salary, double[] arr) {\n\n//put your code here\n\n    }\n\n    //==================================================================\n    public static double[] readWorkersSalary() {\n        Scanner sc = new Scanner(System.in);\n        double[] arr;\n\n//put your code here\n\n    }\n}"
            },
            "test/Tests.java" : {
              "name" : "test/Tests.java",
              "placeholders" : [ ],
              "is_visible" : false,
              "text" : "import org.junit.After;\nimport org.junit.Assert;\nimport org.junit.Before;\nimport org.junit.Test;\n\nimport java.io.ByteArrayInputStream;\nimport java.io.ByteArrayOutputStream;\nimport java.io.InputStream;\nimport java.io.PrintStream;\n\npublic class Tests {\n    private final InputStream systemIn = System.in;\n    private final PrintStream systemOut = System.out;\n    private ByteArrayInputStream testIn;\n    private ByteArrayOutputStream testOut;\n    final String nl = System.lineSeparator();\n\n    @Before\n    public void redirectSystemOutStream() {\n        testOut = new ByteArrayOutputStream();\n        System.setOut(new PrintStream(testOut));\n    }\n\n    @After\n    public void restoreSystemOutStream() {\n        System.setIn(systemIn);\n        System.setOut(systemOut);\n    }\n\n    private void processInputData(String inputData) {\n        testIn = new ByteArrayInputStream(inputData.getBytes());\n        System.setIn(testIn);\n    }\n\n    @Test\n    public void testSolution1() {\n        //arrange\n        String dataIn = \"5 500.0 475.5 1500.1 1200.2 1000.0\";\n        double[][] expectedResult = {\n                {500.0, -435.1600000000001},\n                {475.5, -459.6600000000001},\n                {1500.1, 564.9399999999998},\n                {1200.2, 265.03999999999996},\n                {1000.0, 64.83999999999992},\n        };\n        //act\n        processInputData(dataIn);\n        double[] arrSalaries = Task.readWorkersSalary();\n        double[][] result = Task.getDeviationOfSalariesFromAverage(arrSalaries);\n        //assert\n        Assert.assertArrayEquals(\"Wrong values\", expectedResult, result);\n    }\n\n    @Test\n    public void testSolution2() {\n        //arrange\n        String dataIn = \"7 100 200 300 400 500 600 700\";\n      double[][] expectedResult = {\n              {100.0,-300.0},\n              {200.0,-200.0},\n              {300.0,-100.0},\n              {400.0,0.0},\n              {500.0,100.0},\n              {600.0,200.0},\n              {700.0,300.0}\n      };\n      //act\n      processInputData(dataIn);\n      double[] arrSalaries = Task.readWorkersSalary();\n      double[][] result = Task.getDeviationOfSalariesFromAverage(arrSalaries);\n      //assert\n      Assert.assertArrayEquals(\"Wrong values\", expectedResult, result);\n    }\n\n    @Test\n    public void testSolution3() {   // there are NO workers\n        //arrange\n        String dataIn = \"-7 \";\n      double[][] expectedResult = {};\n      //act\n      processInputData(dataIn);\n      double[] arrSalaries = Task.readWorkersSalary();\n      double[][] result = Task.getDeviationOfSalariesFromAverage(arrSalaries);\n      //assert\n      Assert.assertArrayEquals(\"Wrong values - there are NO workers\", expectedResult, result);\n    }\n\n}"
            }
          },
          "description_text" : "**Task 2.4**  \n  \nWrite a Java program with the following features:  \na) Read the salaries of N employees (indicated by the user) to an array;  \nb) Verify if a certain salary, entered by the user, exists in the array;  \nc) Determine the average salary;  \nd) Create a two-dimensional array with two columns containing, in the first column the salary value and in the second column its deviation from the average;  \ne) Display salaries and their deviations from the average;  \nf) Display salary values below average;  \ng) Sort salaries in descending order;  \n  \n  \nThe program must be structured in methods.  \n\nTo do this, perform the following tasks:  \n  \n**d)**  \nWrite the method **public static double[][] getDeviationOfSalariesFromAverage(double[] arr)** that receives an array of salaries by parameter and returns a bi-dimensional array.    \nThe bi-dimensional array must have two columns. The first column should contain salaries, and the second column (in the same row) the respective deviation to the average.\n\n<div class=\"hint\">\n  deviation = salary - average\n</div>\n\n<div class=\"hint\">\n  example:<br><br>  \n  average = 270.5<br><br>\n  salary        deviation\n  <table style=\"text-align: left; \" border=\"1\" cellpadding=\"1\"\n  cellspacing=\"1\">\n  <tbody>\n  <tr>\n  <td >100<br>\n  </td>\n  <td >-170.5<br>\n  </td>\n  </tr>\n  <tr>\n  <td >212<br>\n  </td>\n  <td >-58.5<br>\n  </td>\n  </tr>\n  <tr>\n  <td >320<br>\n  </td>\n  <td >49.5<br>\n  </td>\n  </tr>\n  <tr>\n  <td >450<br>\n  </td>\n  <td >179.5<br>\n  </td>\n  </tr>\n  </tbody>\n  </table>\n  <br>\n\n</div>\n",
          "description_format" : "MD",
          "feedback_link" : {
            "link_type" : "STEPIK"
          },
          "task_type" : "edu"
        },
        {
          "name" : "task2_5",
          "files" : {
            "src/Task.java" : {
              "name" : "src/Task.java",
              "placeholders" : [
                {
                  "offset" : 895,
                  "length" : 20,
                  "possible_answer" : "        for (int i = 0; i < arr.length; i++) {\n            System.out.printf(\"%7.2f € (%7.2f)%n\", arr[i][0], arr[i][1]);\n        }\n",
                  "placeholder_text" : "//put your code here"
                },
                {
                  "offset" : 1078,
                  "length" : 20,
                  "dependency" : {
                    "lesson" : "lesson2",
                    "task" : "task2_4",
                    "file" : "src/Task.java",
                    "placeholder" : 3,
                    "is_visible" : false
                  },
                  "possible_answer" : "        double[][] arrResult = new double[arr.length][2];   //create array to fill and return\n        double average = averageSalary(arr);                //calculate salaries average\n        for (int i = 0; i < arr.length; i++) {\n            arrResult[i][0] = arr[i];                       //stores the salary\n            arrResult[i][1] = arr[i] - average;             //stores the deviation on the same row\n        }\n        return arrResult;                                   //returns the result bi-dimensional array\n",
                  "placeholder_text" : "//put your code here"
                },
                {
                  "offset" : 1237,
                  "length" : 20,
                  "dependency" : {
                    "lesson" : "lesson2",
                    "task" : "task2_4",
                    "file" : "src/Task.java",
                    "placeholder" : 0,
                    "is_visible" : false
                  },
                  "possible_answer" : "        if (arr.length == 0)    //if there are NO workers\n            return 0;\n\n        double sum = 0.0;\n        for (int i = 0; i < arr.length; i++) {\n            sum += arr[i];\n        }\n        return (sum / arr.length);\n",
                  "placeholder_text" : "//put your code here"
                },
                {
                  "offset" : 1414,
                  "length" : 20,
                  "dependency" : {
                    "lesson" : "lesson2",
                    "task" : "task2_4",
                    "file" : "src/Task.java",
                    "placeholder" : 1,
                    "is_visible" : false
                  },
                  "possible_answer" : "        for (int i = 0; i < arr.length; i++) {  //for each salary\n            if (arr[i] == salary) { //compare the value of salaries\n                return true;        //if found an equal salary\n            }\n        }\n        return false;               //not found an equal salary\n",
                  "placeholder_text" : "//put your code here"
                },
                {
                  "offset" : 1633,
                  "length" : 20,
                  "dependency" : {
                    "lesson" : "lesson2",
                    "task" : "task2_4",
                    "file" : "src/Task.java",
                    "placeholder" : 2,
                    "is_visible" : false
                  },
                  "possible_answer" : "\n        int workers = sc.nextInt(); //read the number of workers\n\n        if (workers < 0)  //set ZERO as minimum value for \"workers\"\n            workers = 0;\n\n        arr = new double[workers];  //create an empty array with size \"workers\"\n\n        for (int i = 0; i < arr.length; i++) {\n            arr[i] = sc.nextDouble();   //read each salary into array\n        }\n        return arr; //return array filled with salaries\n",
                  "placeholder_text" : "//put your code here"
                }
              ],
              "is_visible" : true,
              "text" : "import java.util.Scanner;\n\npublic class Task {\n    public static void main(String[] args) {\n        double[] arrSalaries;\n        double[][] arrDeviations;   //array to store salaries and deviations\n\n//a)\n        arrSalaries = readWorkersSalary();\n//b)\n        double salaryToSearch = 1200.2;\n        if (thisSalaryExist(salaryToSearch, arrSalaries))\n            System.out.println(\"There are workers with salary=\" + salaryToSearch);\n        else\n            System.out.println(\"There are NO workers with salary=\" + salaryToSearch);\n//c)\n        System.out.println(\"Average salary = \" + averageSalary(arrSalaries));\n//d)\n        arrDeviations = getDeviationOfSalariesFromAverage(arrSalaries);\n//e)\n        printDeviationOfSalaries(arrDeviations);\n    }\n\n    //===================================================================\n    public static void printDeviationOfSalaries(double[][] arr) {\n\n//put your code here\n\n    }\n\n    //===================================================================\n    public static double[][] getDeviationOfSalariesFromAverage(double[] arr) {\n\n//put your code here\n\n    }\n\n    //===================================================================\n    public static double averageSalary(double[] arr) {\n\n//put your code here\n\n    }\n\n    //===================================================================\n    public static boolean thisSalaryExist(double salary, double[] arr) {\n\n//put your code here\n\n    }\n\n    //==================================================================\n    public static double[] readWorkersSalary() {\n        Scanner sc = new Scanner(System.in);\n        double[] arr;\n\n//put your code here\n\n    }\n}"
            },
            "test/Tests.java" : {
              "name" : "test/Tests.java",
              "placeholders" : [ ],
              "is_visible" : false,
              "text" : "import org.junit.After;\nimport org.junit.Assert;\nimport org.junit.Before;\nimport org.junit.Test;\n\nimport java.io.ByteArrayInputStream;\nimport java.io.ByteArrayOutputStream;\nimport java.io.InputStream;\nimport java.io.PrintStream;\n\npublic class Tests {\n  private final InputStream systemIn = System.in;\n  private final PrintStream systemOut = System.out;\n  private ByteArrayInputStream testIn;\n  private ByteArrayOutputStream testOut;\n  final String nl = System.lineSeparator();\n\n  @Before\n  public void redirectSystemOutStream() {\n    testOut = new ByteArrayOutputStream();\n    System.setOut(new PrintStream(testOut));\n  }\n\n  @After\n  public void restoreSystemOutStream() {\n    System.setIn(systemIn);\n    System.setOut(systemOut);\n  }\n\n  private void processInputData(String inputData) {\n    testIn = new ByteArrayInputStream(inputData.getBytes());\n    System.setIn(testIn);\n  }\n\n  @Test\n  public void testSolution1() {\n    //arrange\n    double[][] arrSalaries = {\n            {500.0, -435.1600000000001},\n            {475.5, -459.6600000000001},\n            {1500.1, 564.9399999999998},\n            {1200.2, 265.03999999999996},\n            {1000.0, 64.83999999999992},\n    };\n    //act\n    Task.printDeviationOfSalaries(arrSalaries);\n    String expectedResult = \" 500.00 € (-435.16)\"+nl+\" 475.50 € (-459.66)\"+nl+\"1500.10 € ( 564.94)\"+nl+\"1200.20 € ( 265.04)\"+nl+\"1000.00 € (  64.84)\"+nl;\n    //assert\n    Assert.assertEquals(\"Output does not match\", expectedResult, testOut.toString());\n  }\n\n  @Test\n  public void testSolution2() {\n    //arrange\n    double[][] arrSalaries = {\n            {100.0,-300.0},\n            {200.0,-200.0},\n            {300.0,-100.0},\n            {400.0,0.0},\n            {500.0,100.0},\n            {600.0,200.0},\n            {700.0,300.0}\n    };\n    //act\n    Task.printDeviationOfSalaries(arrSalaries);\n    String expectedResult = \" 100.00 € (-300.00)\"+nl+\" 200.00 € (-200.00)\"+nl+\" 300.00 € (-100.00)\"+nl+\" 400.00 € (   0.00)\"+nl+\" 500.00 € ( 100.00)\"+nl+\" 600.00 € ( 200.00)\"+nl+\" 700.00 € ( 300.00)\"+nl;\n    //assert\n    Assert.assertEquals(\"Output does not match\", expectedResult, testOut.toString());\n  }\n\n  @Test\n  public void testSolution3() {   // there are NO workers\n    //arrange\n    String dataIn = \"-7 \";\n    double[][] arrSalaries = {};\n    //act\n    Task.printDeviationOfSalaries(arrSalaries);\n    String expectedResult = \"\";\n    //assert\n    Assert.assertEquals(\"Output must be empty - there are NO workers\", expectedResult, testOut.toString());\n  }\n\n}"
            }
          },
          "description_text" : "**Task 2.5**\n\nWrite a Java program with the following features:\na) Read the salaries of N employees (indicated by the user) to an array;\nb) Verify if a certain salary, entered by the user, exists in the array;\nc) Determine the average salary;\nd) Create a two-dimensional array with two columns containing, in the first column the salary value and in the second column its deviation from the average;\ne) Display salaries and their deviations from the average;\nf) Display salary values below average;\ng) Sort salaries in descending order;\n\n\nThe program must be structured in methods.\n\nTo do this, perform the following tasks:\n\n**e)**\nWrite the method **public static void printDeviationOfSalaries(double[][] arr)** that receives a bi-dimensional array (with salary on first conlumn and deviation on the second column) by parameter and prints each salary and its deviation, in the following format:  \nSalary occupies 7 positions, uses two decimal places and is aligned to the right. The Euro € symbol follows, between a space on the right and left. The deviation must be presented in parentheses, occupying 7 positions with two decimal places and aligned to the right.   \n\nEach pair: salary-deviation must be displayed on separate lines.  \n\n<div class=\"hint\">\n<pre><code>\n7 spaces   7 spaces\n------- € (-------)\n</code></pre>\n</div>\n\n<div class=\"hint\">\na possible example of output :\n<pre><code>\n 500.00 € (-435.16)\n 475.50 € (-459.66)\n1500.10 € ( 564.94)\n</code></pre>\n</div>\n\n<div class=\"hint\">\n  <b>Recommended reading:</b>  \n  \n  [Formatting Numeric Print Output](https://docs.oracle.com/javase/tutorial/java/data/numberformat.html)  \n  [Formatting with printf() in Java](https://www.baeldung.com/java-printstream-printf)\n  \n</div>\n",
          "description_format" : "MD",
          "feedback_link" : {
            "link_type" : "STEPIK"
          },
          "task_type" : "edu"
        },
        {
          "name" : "task2_6",
          "files" : {
            "src/Task.java" : {
              "name" : "src/Task.java",
              "placeholders" : [
                {
                  "offset" : 952,
                  "length" : 21,
                  "possible_answer" : "        for (int i = 0; i < arr.length; i++) {\n            if (arr[i][1] < 0)\n                System.out.printf(\"%.2f €%n\", arr[i][0]);\n        }\n",
                  "placeholder_text" : "// put your code here"
                },
                {
                  "offset" : 1123,
                  "length" : 20,
                  "dependency" : {
                    "lesson" : "lesson2",
                    "task" : "task2_5",
                    "file" : "src/Task.java",
                    "placeholder" : 4,
                    "is_visible" : false
                  },
                  "possible_answer" : "        for (int i = 0; i < arr.length; i++) {\n            System.out.printf(\"%7.2f € (%7.2f)%n\", arr[i][0], arr[i][1]);\n        }\n",
                  "placeholder_text" : "//put your code here"
                },
                {
                  "offset" : 1306,
                  "length" : 20,
                  "dependency" : {
                    "lesson" : "lesson2",
                    "task" : "task2_5",
                    "file" : "src/Task.java",
                    "placeholder" : 0,
                    "is_visible" : false
                  },
                  "possible_answer" : "        double[][] arrResult = new double[arr.length][2];   //create array to fill and return\n        double average = averageSalary(arr);                //calculate salaries average\n        for (int i = 0; i < arr.length; i++) {\n            arrResult[i][0] = arr[i];                       //stores the salary\n            arrResult[i][1] = arr[i] - average;             //stores the deviation on the same row\n        }\n        return arrResult;                                   //returns the result bi-dimensional array\n",
                  "placeholder_text" : "//put your code here"
                },
                {
                  "offset" : 1465,
                  "length" : 20,
                  "dependency" : {
                    "lesson" : "lesson2",
                    "task" : "task2_5",
                    "file" : "src/Task.java",
                    "placeholder" : 1,
                    "is_visible" : false
                  },
                  "possible_answer" : "        if (arr.length == 0)    //if there are NO workers\n            return 0;\n\n        double sum = 0.0;\n        for (int i = 0; i < arr.length; i++) {\n            sum += arr[i];\n        }\n        return (sum / arr.length);\n",
                  "placeholder_text" : "//put your code here"
                },
                {
                  "offset" : 1642,
                  "length" : 20,
                  "dependency" : {
                    "lesson" : "lesson2",
                    "task" : "task2_5",
                    "file" : "src/Task.java",
                    "placeholder" : 2,
                    "is_visible" : false
                  },
                  "possible_answer" : "        for (int i = 0; i < arr.length; i++) {  //for each salary\n            if (arr[i] == salary) { //compare the value of salaries\n                return true;        //if found an equal salary\n            }\n        }\n        return false;               //not found an equal salary\n",
                  "placeholder_text" : "//put your code here"
                },
                {
                  "offset" : 1861,
                  "length" : 20,
                  "dependency" : {
                    "lesson" : "lesson2",
                    "task" : "task2_5",
                    "file" : "src/Task.java",
                    "placeholder" : 3,
                    "is_visible" : false
                  },
                  "possible_answer" : "\n        int workers = sc.nextInt(); //read the number of workers\n\n        if (workers < 0)  //set ZERO as minimum value for \"workers\"\n            workers = 0;\n\n        arr = new double[workers];  //create an empty array with size \"workers\"\n\n        for (int i = 0; i < arr.length; i++) {\n            arr[i] = sc.nextDouble();   //read each salary into array\n        }\n        return arr; //return array filled with salaries\n",
                  "placeholder_text" : "//put your code here"
                }
              ],
              "is_visible" : true,
              "text" : "import java.util.Scanner;\n\npublic class Task {\n    public static void main(String[] args) {\n        double[] arrSalaries;\n        double[][] arrDeviations;   //array to store salaries and deviations\n\n//a)\n        arrSalaries = readWorkersSalary();\n//b)\n        double salaryToSearch = 1200.2;\n        if (thisSalaryExist(salaryToSearch, arrSalaries))\n            System.out.println(\"There are workers with salary=\" + salaryToSearch);\n        else\n            System.out.println(\"There are NO workers with salary=\" + salaryToSearch);\n//c)\n        System.out.println(\"Average salary = \" + averageSalary(arrSalaries));\n//d)\n        arrDeviations = getDeviationOfSalariesFromAverage(arrSalaries);\n//e)\n        printDeviationOfSalaries(arrDeviations);\n//f)\n        printSalariesBelowAverage(arrDeviations);\n\n    }\n\n    //===================================================================\n    public static void printSalariesBelowAverage(double[][] arr) {\n\n// put your code here\n\n    }\n\n    //===================================================================\n    public static void printDeviationOfSalaries(double[][] arr) {\n\n//put your code here\n\n    }\n\n    //===================================================================\n    public static double[][] getDeviationOfSalariesFromAverage(double[] arr) {\n\n//put your code here\n\n    }\n\n    //===================================================================\n    public static double averageSalary(double[] arr) {\n\n//put your code here\n\n    }\n\n    //===================================================================\n    public static boolean thisSalaryExist(double salary, double[] arr) {\n\n//put your code here\n\n    }\n\n    //==================================================================\n    public static double[] readWorkersSalary() {\n        Scanner sc = new Scanner(System.in);\n        double[] arr;\n\n//put your code here\n\n    }\n}"
            },
            "test/Tests.java" : {
              "name" : "test/Tests.java",
              "placeholders" : [ ],
              "is_visible" : false,
              "text" : "import org.junit.After;\nimport org.junit.Assert;\nimport org.junit.Before;\nimport org.junit.Test;\n\nimport java.io.ByteArrayInputStream;\nimport java.io.ByteArrayOutputStream;\nimport java.io.InputStream;\nimport java.io.PrintStream;\n\npublic class Tests {\n  private final InputStream systemIn = System.in;\n  private final PrintStream systemOut = System.out;\n  private ByteArrayInputStream testIn;\n  private ByteArrayOutputStream testOut;\n  final String nl = System.lineSeparator();\n\n  @Before\n  public void redirectSystemOutStream() {\n    testOut = new ByteArrayOutputStream();\n    System.setOut(new PrintStream(testOut));\n  }\n\n  @After\n  public void restoreSystemOutStream() {\n    System.setIn(systemIn);\n    System.setOut(systemOut);\n  }\n\n  private void processInputData(String inputData) {\n    testIn = new ByteArrayInputStream(inputData.getBytes());\n    System.setIn(testIn);\n  }\n\n  @Test\n  public void testSolution1() {\n    //arrange\n    double[][] arrSalaries = {\n            {500.0, -435.1600000000001},\n            {475.5, -459.6600000000001},\n            {1500.1, 564.9399999999998},\n            {1200.2, 265.03999999999996},\n            {1000.0, 64.83999999999992},\n    };\n    //act\n    Task.printSalariesBelowAverage(arrSalaries);\n    String expectedResult = \"500.00 €\"+nl+\"475.50 €\"+nl;\n    //assert\n    Assert.assertEquals(\"Output does not match\", expectedResult, testOut.toString());\n  }\n\n  @Test\n  public void testSolution2() {\n    //arrange\n    double[][] arrSalaries = {\n            {100.0,-300.0},\n            {200.0,-200.0},\n            {300.0,-100.0},\n            {400.0,0.0},\n            {500.0,100.0},\n            {600.0,200.0},\n            {700.0,300.0}\n    };\n    //act\n    Task.printSalariesBelowAverage(arrSalaries);\n    String expectedResult = \"100.00 €\"+nl+\"200.00 €\"+nl+\"300.00 €\"+nl;\n    //assert\n    Assert.assertEquals(\"Output does not match\", expectedResult, testOut.toString());\n  }\n\n  @Test\n  public void testSolution3() {   // there are NO workers\n    //arrange\n    String dataIn = \"-7 \";\n    double[][] arrSalaries = {};\n    //act\n    Task.printSalariesBelowAverage(arrSalaries);\n    String expectedResult = \"\";\n    //assert\n    Assert.assertEquals(\"Output must be empty - there are NO workers\", expectedResult, testOut.toString());\n  }\n\n}"
            }
          },
          "description_text" : "**Task 2.6**\n\nWrite a Java program with the following features:\na) Read the salaries of N employees (indicated by the user) to an array;\nb) Verify if a certain salary, entered by the user, exists in the array;\nc) Determine the average salary;\nd) Create a two-dimensional array with two columns containing, in the first column the salary value and in the second column its deviation from the average;\ne) Display salaries and their deviations from the average;\nf) Display salary values below average;\ng) Sort salaries in descending order;\n\n\nThe program must be structured in methods.\n\nTo do this, perform the following tasks:\n\n**f)**\nWrite the method **public static void printSalariesBelowAverage(double[][] arr)** that receives a bi-dimensional array (with salary on first conlumn and deviation on the second column) by parameter and prints each salary that is below average, in the following format:   \nSalary must be printed using two decimal places, followed by a space and the Euro € symbol.\n\n<div class=\"hint\">\na possible example of output :\n<pre><code>\n100.00 €\n25.00 €\n1200.00 €\n</code></pre>\n</div>\n\n<div class=\"hint\">\n  <b>Recommended reading:</b>  \n  \n  [Formatting Numeric Print Output](https://docs.oracle.com/javase/tutorial/java/data/numberformat.html)  \n  [Formatting with printf() in Java](https://www.baeldung.com/java-printstream-printf)\n  \n</div>\n",
          "description_format" : "MD",
          "feedback_link" : {
            "link_type" : "STEPIK"
          },
          "task_type" : "edu"
        },
        {
          "name" : "task2_7",
          "files" : {
            "src/Task.java" : {
              "name" : "src/Task.java",
              "placeholders" : [
                {
                  "offset" : 1011,
                  "length" : 21,
                  "possible_answer" : "        for (int a = 0; a < arr.length - 1; a++) {\n            for (int b = a + 1; b < arr.length; b++) {\n                if (arr[a] < arr[b]) {\n                    double aux = arr[a];\n                    arr[a] = arr[b];\n                    arr[b] = aux;\n                }\n            }\n        }\n",
                  "placeholder_text" : "// put your code here"
                },
                {
                  "offset" : 1183,
                  "length" : 21,
                  "dependency" : {
                    "lesson" : "lesson2",
                    "task" : "task2_6",
                    "file" : "src/Task.java",
                    "placeholder" : 5,
                    "is_visible" : false
                  },
                  "possible_answer" : "        for (int i = 0; i < arr.length; i++) {\n            if (arr[i][1] < 0)\n                System.out.printf(\"%.2f €%n\", arr[i][0]);\n        }\n",
                  "placeholder_text" : "// put your code here"
                },
                {
                  "offset" : 1354,
                  "length" : 20,
                  "dependency" : {
                    "lesson" : "lesson2",
                    "task" : "task2_6",
                    "file" : "src/Task.java",
                    "placeholder" : 0,
                    "is_visible" : false
                  },
                  "possible_answer" : "        for (int i = 0; i < arr.length; i++) {\n            System.out.printf(\"%7.2f € (%7.2f)%n\", arr[i][0], arr[i][1]);\n        }\n",
                  "placeholder_text" : "//put your code here"
                },
                {
                  "offset" : 1537,
                  "length" : 20,
                  "dependency" : {
                    "lesson" : "lesson2",
                    "task" : "task2_6",
                    "file" : "src/Task.java",
                    "placeholder" : 1,
                    "is_visible" : false
                  },
                  "possible_answer" : "        double[][] arrResult = new double[arr.length][2];   //create array to fill and return\n        double average = averageSalary(arr);                //calculate salaries average\n        for (int i = 0; i < arr.length; i++) {\n            arrResult[i][0] = arr[i];                       //stores the salary\n            arrResult[i][1] = arr[i] - average;             //stores the deviation on the same row\n        }\n        return arrResult;                                   //returns the result bi-dimensional array\n",
                  "placeholder_text" : "//put your code here"
                },
                {
                  "offset" : 1696,
                  "length" : 20,
                  "dependency" : {
                    "lesson" : "lesson2",
                    "task" : "task2_6",
                    "file" : "src/Task.java",
                    "placeholder" : 2,
                    "is_visible" : false
                  },
                  "possible_answer" : "        if (arr.length == 0)    //if there are NO workers\n            return 0;\n\n        double sum = 0.0;\n        for (int i = 0; i < arr.length; i++) {\n            sum += arr[i];\n        }\n        return (sum / arr.length);\n",
                  "placeholder_text" : "//put your code here"
                },
                {
                  "offset" : 1873,
                  "length" : 20,
                  "dependency" : {
                    "lesson" : "lesson2",
                    "task" : "task2_6",
                    "file" : "src/Task.java",
                    "placeholder" : 3,
                    "is_visible" : false
                  },
                  "possible_answer" : "        for (int i = 0; i < arr.length; i++) {  //for each salary\n            if (arr[i] == salary) { //compare the value of salaries\n                return true;        //if found an equal salary\n            }\n        }\n        return false;               //not found an equal salary\n",
                  "placeholder_text" : "//put your code here"
                },
                {
                  "offset" : 2092,
                  "length" : 20,
                  "dependency" : {
                    "lesson" : "lesson2",
                    "task" : "task2_6",
                    "file" : "src/Task.java",
                    "placeholder" : 4,
                    "is_visible" : false
                  },
                  "possible_answer" : "\n        int workers = sc.nextInt(); //read the number of workers\n\n        if (workers < 0)  //set ZERO as minimum value for \"workers\"\n            workers = 0;\n\n        arr = new double[workers];  //create an empty array with size \"workers\"\n\n        for (int i = 0; i < arr.length; i++) {\n            arr[i] = sc.nextDouble();   //read each salary into array\n        }\n        return arr; //return array filled with salaries\n",
                  "placeholder_text" : "//put your code here"
                }
              ],
              "is_visible" : true,
              "text" : "import java.util.Scanner;\n\npublic class Task {\n    public static void main(String[] args) {\n        double[] arrSalaries;\n        double[][] arrDeviations;   //array to store salaries and deviations\n\n//a)\n        arrSalaries = readWorkersSalary();\n//b)\n        double salaryToSearch = 1200.2;\n        if (thisSalaryExist(salaryToSearch, arrSalaries))\n            System.out.println(\"There are workers with salary=\" + salaryToSearch);\n        else\n            System.out.println(\"There are NO workers with salary=\" + salaryToSearch);\n//c)\n        System.out.println(\"Average salary = \" + averageSalary(arrSalaries));\n//d)\n        arrDeviations = getDeviationOfSalariesFromAverage(arrSalaries);\n//e)\n        printDeviationOfSalaries(arrDeviations);\n//f)\n        printSalariesBelowAverage(arrDeviations);\n//g)\n        sortSalariesInDescendingOrder(arrSalaries);\n\n    }\n\n    //===================================================================\n    public static void sortSalariesInDescendingOrder(double[] arr) {\n\n// put your code here\n\n    }\n\n    //===================================================================\n    public static void printSalariesBelowAverage(double[][] arr) {\n\n// put your code here\n\n    }\n\n    //===================================================================\n    public static void printDeviationOfSalaries(double[][] arr) {\n\n//put your code here\n\n    }\n\n    //===================================================================\n    public static double[][] getDeviationOfSalariesFromAverage(double[] arr) {\n\n//put your code here\n\n    }\n\n    //===================================================================\n    public static double averageSalary(double[] arr) {\n\n//put your code here\n\n    }\n\n    //===================================================================\n    public static boolean thisSalaryExist(double salary, double[] arr) {\n\n//put your code here\n\n    }\n\n    //==================================================================\n    public static double[] readWorkersSalary() {\n        Scanner sc = new Scanner(System.in);\n        double[] arr;\n\n//put your code here\n\n    }\n}"
            },
            "test/Tests.java" : {
              "name" : "test/Tests.java",
              "placeholders" : [ ],
              "is_visible" : false,
              "text" : "import org.junit.Assert;\nimport org.junit.Test;\n\npublic class Tests {\n    @Test\n    public void testSolution1() {\n        //arrange\n        double[] arrSalaries = {500.0, 475.5, 1500.1, 1200.2, 1000.0};\n        double[] expectedResult = {1500.1, 1200.2,1000.0, 500.0, 475.5};\n        //act\n\n        Task.sortSalariesInDescendingOrder(arrSalaries);\n        //assert\n        Assert.assertArrayEquals(\"Incorrect sorting\", expectedResult, arrSalaries, 0.00001);\n    }\n\n    @Test\n    public void testSolution2() {\n        //arrange\n        double[] arrSalaries = {100, 200, 300, 400, 500, 600, 700};\n        double[] expectedResult = {700, 600, 500, 400, 300, 200, 100};\n        //act\n\n        Task.sortSalariesInDescendingOrder(arrSalaries);\n        //assert\n        Assert.assertArrayEquals(\"Incorrect sorting\", expectedResult, arrSalaries, 0.00001);\n    }\n}"
            }
          },
          "description_text" : "**Task 2.7**\n\nWrite a Java program with the following features:\na) Read the salaries of N employees (indicated by the user) to an array;\nb) Verify if a certain salary, entered by the user, exists in the array;\nc) Determine the average salary;\nd) Create a two-dimensional array with two columns containing, in the first column the salary value and in the second column its deviation from the average;\ne) Display salaries and their deviations from the average;\nf) Display salary values below average;\ng) Sort salaries in descending order;\n\n\nThe program must be structured in methods.\n\nTo do this, perform the following tasks:\n\n**g)**\nWrite the method **public static void sortSalariesDescendingOrder(double[] arr)** that receives by parameter the array of salaries, and sorts its elements in descending order.   \n\n\n<div class=\"hint\">\n  <b>Recommended reading:</b>  \n  \n  [How to Sort an Array in Java (1)](https://study.com/academy/lesson/how-to-sort-an-array-in-java.html)  \n  [How To Sort An Array In Java (2)](https://www.softwaretestinghelp.com/sort-arrays-in-java/)  \n  [Java Program to sort the elements of an array in ascending order](https://www.javatpoint.com/java-program-to-sort-the-elements-of-an-array-in-ascending-order)  \n     \n</div>\n",
          "description_format" : "MD",
          "feedback_link" : {
            "link_type" : "STEPIK"
          },
          "task_type" : "edu"
        }
      ],
      "type" : "framework"
    }
  ],
  "additional_files" : [
    {
      "name" : "build.gradle",
      "placeholders" : [ ],
      "is_visible" : true,
      "text" : "buildscript {\n    repositories {\n        mavenCentral()\n    }\n}\n\ndef printOutput(def output) {\n    return tasks.create(\"printOutput\") {\n        for (line in output.toString().readLines()) {\n            println \"#educational_plugin\" + line\n        }\n    }\n}\n\nsubprojects {\n    apply plugin: 'application'\n    apply plugin: 'java'\n\n    sourceCompatibility = 1.8\n\n    repositories {\n        mavenCentral()\n    }\n\n    dependencies {\n        testCompile group: 'junit', name: 'junit', version: '4.12'\n    }\n\n    sourceSets {\n        main {\n            java.srcDir 'src'\n        }\n        test {\n            java.srcDir 'test'\n        }\n    }\n\n    mainClassName = project.hasProperty(\"mainClass\") ? project.getProperty(\"mainClass\") : \"\"\n\n    def runOutput = new ByteArrayOutputStream()\n    tasks.run.setStandardOutput(runOutput)\n    tasks.run.doLast { printOutput(runOutput) }\n}\n\nproject(':util') {\n    dependencies {\n        compile group: 'junit', name: 'junit', version: '4.12'\n    }\n}\n\nconfigure(subprojects.findAll {it.name != 'util'}) {\n  dependencies {\n    compile project(':util').sourceSets.main.output\n    testCompile project(':util').sourceSets.test.output\n  }\n}\n"
    }
  ],
  "version" : 11
}