{
  "summary" : "<strong>APROG DEI</strong><br><br>\n<strong>Java Programming<br>\n</strong><br>\nEmanuel Cunha Silva<br>\necs@isep.ipp.pt<br>\n<br>\n",
  "title" : "APROG TP5",
  "authors" : [
    "Emanuel Cunha Silva"
  ],
  "programming_language" : "JAVA",
  "language" : "en",
  "course_type" : "PyCharm",
  "items" : [
    {
      "title" : "lesson1",
      "task_list" : [
        {
          "name" : "task0",
          "files" : {
            "src/Main.java" : {
              "name" : "src/Main.java",
              "placeholders" : [ ],
              "is_visible" : true,
              "text" : "public class Main {\n   public static void main(String[] args) {\n      // Write your solution here\n   }\n}"
            },
            "task.html" : {
              "name" : "task.html",
              "placeholders" : [ ],
              "is_visible" : true,
              "text" : "<html>\n<meta http-equiv=\"content-type\" content=\"text/html; charset=UTF-8\">\n<span style=\"font-weight: bold;\">Lesson TP 5:</span><br>\n<br>\nSPECIFIC GOALS:<br>\n<br>\nThe students should be able to:<br>\n<br>\n&nbsp;&nbsp;&nbsp; Analyze and understand:<br>\n&nbsp;&nbsp;&nbsp; &nbsp;&nbsp;&nbsp; Java codification<br>\n&nbsp;&nbsp;&nbsp; &nbsp;&nbsp;&nbsp; Input / Output data<br>\n&nbsp;&nbsp;&nbsp; &nbsp;&nbsp;&nbsp; Flow control instructions<br>\n<br>\n&nbsp;&nbsp;&nbsp; Document a program:<br>\n&nbsp;&nbsp;&nbsp; &nbsp;&nbsp;&nbsp; Using appropriate Identifiers<br>\n&nbsp;&nbsp;&nbsp; &nbsp;&nbsp;&nbsp; Using appropriate output messages<br>\n&nbsp;&nbsp;&nbsp; &nbsp;&nbsp;&nbsp; Using only essential comments<br>\n<br>\n&nbsp;&nbsp;&nbsp; Solve a problem by:<br>\n&nbsp;&nbsp;&nbsp; &nbsp;&nbsp;&nbsp; Analyzing it<br>\n&nbsp;&nbsp;&nbsp; &nbsp;&nbsp;&nbsp; Designing the algorithmic solution<br>\n&nbsp;&nbsp;&nbsp; &nbsp;&nbsp;&nbsp; Codifying it in Java<br>\n&nbsp;&nbsp;&nbsp; &nbsp;&nbsp;&nbsp; Testing the solution. <br>\n<br>\n&nbsp;&nbsp;&nbsp; Given an algorithm, describe its functionality and\nadapt it to new specifications;\n\n\n</html>"
            }
          },
          "description_text" : "<html>\n<meta http-equiv=\"content-type\" content=\"text/html; charset=UTF-8\">\n<span style=\"font-weight: bold;\">Lesson TP 5:</span><br>\n<br>\nSPECIFIC GOALS:<br>\n<br>\nThe students should be able to:<br>\n<br>\n&nbsp;&nbsp;&nbsp; Analyze and understand:<br>\n&nbsp;&nbsp;&nbsp; &nbsp;&nbsp;&nbsp; Java codification<br>\n&nbsp;&nbsp;&nbsp; &nbsp;&nbsp;&nbsp; Input / Output data<br>\n&nbsp;&nbsp;&nbsp; &nbsp;&nbsp;&nbsp; Flow control instructions<br>\n<br>\n&nbsp;&nbsp;&nbsp; Document a program:<br>\n&nbsp;&nbsp;&nbsp; &nbsp;&nbsp;&nbsp; Using appropriate Identifiers<br>\n&nbsp;&nbsp;&nbsp; &nbsp;&nbsp;&nbsp; Using appropriate output messages<br>\n&nbsp;&nbsp;&nbsp; &nbsp;&nbsp;&nbsp; Using only essential comments<br>\n<br>\n&nbsp;&nbsp;&nbsp; Solve a problem by:<br>\n&nbsp;&nbsp;&nbsp; &nbsp;&nbsp;&nbsp; Analyzing it<br>\n&nbsp;&nbsp;&nbsp; &nbsp;&nbsp;&nbsp; Designing the algorithmic solution<br>\n&nbsp;&nbsp;&nbsp; &nbsp;&nbsp;&nbsp; Codifying it in Java<br>\n&nbsp;&nbsp;&nbsp; &nbsp;&nbsp;&nbsp; Testing the solution. <br>\n<br>\n&nbsp;&nbsp;&nbsp; Given an algorithm, describe its functionality and\nadapt it to new specifications;\n\n\n</html>",
          "description_format" : "HTML",
          "feedback_link" : {
            "link_type" : "STEPIK"
          },
          "task_type" : "theory"
        },
        {
          "choiceOptions" : [
            {
              "text" : "msg1 should be \"<b>Sum of Grades</b>\"",
              "status" : "INCORRECT"
            },
            {
              "text" : "msg1 should be \"<b>Number of Grades</b>\"",
              "status" : "INCORRECT"
            },
            {
              "text" : "msg1 should be \"<b>Average Grade</b>\"",
              "status" : "CORRECT"
            },
            {
              "text" : "msg2 should be \"<b>All Grades are equal to 0</b>\"",
              "status" : "INCORRECT"
            },
            {
              "text" : "msg2 should be \"<b>No grades were entered</b>\"",
              "status" : "CORRECT"
            },
            {
              "text" : "msg2 should be \"<b>There are only negative Grades</b>\"",
              "status" : "INCORRECT"
            }
          ],
          "isMultipleChoice" : true,
          "name" : "task1",
          "files" : {
            "src/Main.java" : {
              "name" : "src/Main.java",
              "placeholders" : [ ],
              "is_visible" : true,
              "text" : "import java.util.Scanner;\n\npublic class Main {\n    public static void main(String[] args) {\n        Scanner sc = new Scanner(System.in);\n        int i = 0;\n        double grade, sum = 0, result;\n        grade = sc.nextDouble();\n        while (grade >= 0) {\n            sum = sum + grade;\n            i++;\n            grade = sc.nextDouble();\n        }\n        if (i > 0) {\n            result = sum / i;\n            System.out.println(\"msg1 = \" + result);\n        } else\n            System.out.println(\"msg2\");\n    }\n}"
            }
          },
          "description_text" : "<html>\n    <strong>Task 1:</strong>\n<p></p>\n    Analyze the Java program and deduce its functionality.\n\n\n</html>",
          "description_format" : "HTML",
          "feedback_link" : {
            "link_type" : "STEPIK"
          },
          "task_type" : "choice"
        },
        {
          "choiceOptions" : [
            {
              "text" : "msg could be \"<b>Sum of digits</b>\"",
              "status" : "INCORRECT"
            },
            {
              "text" : "msg could be \"<b>Number of digits</b>\"",
              "status" : "CORRECT"
            },
            {
              "text" : "msg could be \"<b>Number of divisors</b>\"",
              "status" : "INCORRECT"
            }
          ],
          "isMultipleChoice" : false,
          "name" : "task2_1",
          "files" : {
            "src/Main.java" : {
              "name" : "src/Main.java",
              "placeholders" : [ ],
              "is_visible" : true,
              "text" : "public class Main {\n    public static void main(String[] args) {\n        int i = 729135;\n        int j;\n        j = 0;\n        while (i != 0) {\n            j++;\n            i = i / 10;\n        }\n        System.out.println(\"msg = \" + j);\n    }\n}"
            }
          },
          "description_text" : "<html>\n<strong>Task 2.1:</strong>\n<p></p>\nAnalyze the Java program and deduce its functionality.\n\n</html>",
          "description_format" : "HTML",
          "feedback_link" : {
            "link_type" : "STEPIK"
          },
          "task_type" : "choice"
        },
        {
          "name" : "task2_2",
          "files" : {
            "src/Main.java" : {
              "name" : "src/Main.java",
              "placeholders" : [ ],
              "is_visible" : true,
              "text" : "public class Main {\n    public static void main(String[] args) {\n        int i = 729135;\n        int j;\n        j = 0;\n        while (i != 0) {\n            j++;\n            i = i / 10;\n        }\n        System.out.println(\"msg = \" + j);\n    }\n}"
            },
            "test/output.txt" : {
              "name" : "test/output.txt",
              "placeholders" : [ ],
              "is_visible" : false,
              "text" : "Number of digits = 6\n"
            }
          },
          "description_text" : "<html>\n<strong>Task 2.2:</strong>\n<p></p>\nRewrite the output statement to align the result with the previous task.\n\n</html>",
          "description_format" : "HTML",
          "feedback_link" : {
            "link_type" : "STEPIK"
          },
          "task_type" : "output"
        },
        {
          "name" : "task3",
          "files" : {
            "src/Task.java" : {
              "name" : "src/Task.java",
              "placeholders" : [
                {
                  "offset" : 94,
                  "length" : 21,
                  "possible_answer" : "        //put your code here\n        Scanner sc = new Scanner(System.in);\n        int code = sc.nextInt();\n        switch (code) {\n            case 0:\n                System.out.println(\"Other\");\n                break;\n            case 1:\n                System.out.println(\"Tag Heuer\");\n                break;\n            case 2:\n                System.out.println(\"Rolex\");\n                break;\n            case 3:\n                System.out.println(\"Omega\");\n                break;\n            case 4:\n                System.out.println(\"Cartier\");\n                break;\n            case 5:\n                System.out.println(\"Bvlgari\");\n                break;\n            case 6:\n                System.out.println(\"Raymond Weil\");\n                break;\n        }\n",
                  "placeholder_text" : "// put your code here"
                }
              ],
              "is_visible" : true,
              "text" : "import java.util.Scanner;\n\npublic class Task {\n\n    public static void main(String[] args) {\n\n// put your code here\n    }\n}"
            },
            "test/Tests.java" : {
              "name" : "test/Tests.java",
              "placeholders" : [ ],
              "is_visible" : false,
              "text" : "import org.junit.After;\nimport org.junit.Assert;\nimport org.junit.Before;\nimport org.junit.Test;\n\nimport java.io.ByteArrayInputStream;\nimport java.io.ByteArrayOutputStream;\nimport java.io.InputStream;\nimport java.io.PrintStream;\n\npublic class Tests {\n    //..........<variaveis globais>\n    private final InputStream systemIn = System.in;\n    private final PrintStream systemOut = System.out;\n\n    private ByteArrayInputStream testIn;\n    private ByteArrayOutputStream testOut;\n\n    //..........<definir antes de cada teste>\n    @Before\n    public void redirectSystemOutStream() {\n        testOut = new ByteArrayOutputStream();\n        System.setOut(new PrintStream(testOut));\n    }\n\n    //..........<repor depois de cada teste>\n    @After\n    public void restoreSystemOutStream() {\n        System.setIn(systemIn);\n        System.setOut(systemOut);\n    }\n\n    //..........<processar os dados de input de cada teste>\n    private void processInputData(String inputData) {\n        testIn = new ByteArrayInputStream(inputData.getBytes());\n        System.setIn(testIn);\n    }\n\n    @Test\n    public void testSolution() {\n        //arrange\n        String[] inputData = {\"1\", \"2\", \"3\", \"4\", \"5\", \"6\", \"0\"};\n        String[] expected = {\"Tag Heuer\", \"Rolex\", \"Omega\", \"Cartier\", \"Bvlgari\", \"Raymond Weil\", \"Other\"};\n\n        for (int i = 0; i < inputData.length; i++) {\n            redirectSystemOutStream();          //must be applied for each test\n            processInputData(inputData[i]);\n            //act\n            Task.main(null);\n            //assert\n            Assert.assertEquals(expected[i] + System.lineSeparator(), testOut.toString());\n            restoreSystemOutStream();          //must be applied for each test\n        }\n    }\n}"
            }
          },
          "description_text" : "<html>\n<strong>Task 3:</strong>\n<p></p>\nWrite a Java program that indicates the brand of a watch, from an integer that represents the brand code.\nThe code is entered by the user.\n<p></p>\nThe following table shows the correspondence between codes and brands.\n<p></p>\n<table style=\"text-align: left; width: 229px;\" border=\"1\"\n       cellpadding=\"2\" cellspacing=\"2\">\n    <tbody>\n    <tr>\n        <td style=\"vertical-align: top; width: 85px;\"><b>Code</b><br>\n        </td>\n        <td style=\"vertical-align: top; width: 126px;\"><b>Brand</b><br>\n        </td>\n    </tr>\n    <tr>\n        <td style=\"vertical-align: top; width: 85px;\">1<br>\n        </td>\n        <td style=\"vertical-align: top; width: 126px;\">Tag Heuer<br>\n        </td>\n    </tr>\n    <tr>\n        <td style=\"vertical-align: top; width: 85px;\">2<br>\n        </td>\n        <td style=\"vertical-align: top; width: 126px;\">Rolex<br>\n        </td>\n    </tr>\n    <tr>\n        <td style=\"vertical-align: top; width: 85px;\">3<br>\n        </td>\n        <td style=\"vertical-align: top; width: 126px;\">Omega<br>\n        </td>\n    </tr>\n    <tr>\n        <td style=\"vertical-align: top; width: 85px;\">4<br>\n        </td>\n        <td style=\"vertical-align: top; width: 126px;\">Cartier<br>\n        </td>\n    </tr>\n    <tr>\n        <td style=\"vertical-align: top; width: 85px;\">5<br>\n        </td>\n        <td style=\"vertical-align: top; width: 126px;\">Bvlgari<br>\n        </td>\n    </tr>\n    <tr>\n        <td style=\"vertical-align: top; width: 85px;\">6<br>\n        </td>\n        <td style=\"vertical-align: top; width: 126px;\">Raymond Weil<br>\n        </td>\n    </tr>\n    <tr>\n        <td style=\"vertical-align: top; width: 85px;\">0<br>\n        </td>\n        <td style=\"vertical-align: top; width: 126px;\">Other<br>\n        </td>\n    </tr>\n    </tbody>\n</table>\n<div class=\"hint\">\n    <p>Recommended reading:</p>\n    <a href=\"https://www.w3schools.com/java/java_user_input.asp\">Java User Input</a><br>\n    <a href=\"https://stackoverflow.com/questions/11871520/how-can-i-read-input-from-the-console-using-the-scanner-class-in-java\">Read input from the console using the Scanner class</a><br>\n    <p></p>\n    <a href=\"https://docs.oracle.com/javase/tutorial/java/nutsandbolts/if.html\">The if-then and if-then-else Statements</a><br>\n    <a href=\"https://docs.oracle.com/javase/tutorial/java/nutsandbolts/switch.html\">The switch Statement</a><br>\n    <br>\n</div>\n<br></html>",
          "description_format" : "HTML",
          "feedback_link" : {
            "link_type" : "STEPIK"
          },
          "task_type" : "edu"
        },
        {
          "choiceOptions" : [
            {
              "text" : "Reads an integer",
              "status" : "INCORRECT"
            },
            {
              "text" : "Reads positive integers",
              "status" : "INCORRECT"
            },
            {
              "text" : "Reads non-zero integers",
              "status" : "CORRECT"
            },
            {
              "text" : "Visualizes the factorial of <b>num</b>",
              "status" : "CORRECT"
            },
            {
              "text" : "Visualizes <b>res</b> raized to the power of num",
              "status" : "INCORRECT"
            },
            {
              "text" : "Nothing is visualized",
              "status" : "INCORRECT"
            }
          ],
          "isMultipleChoice" : true,
          "name" : "task4_1",
          "files" : {
            "src/Main.java" : {
              "name" : "src/Main.java",
              "placeholders" : [ ],
              "is_visible" : true,
              "text" : "public class Main {\n   public static void main(String[] args) {\n      // Write your solution here\n   }\n}"
            }
          },
          "description_text" : "<html>\n<strong>Task 4.1:</strong>\n<p></p>\nAnalyze the algorithm and deduce its functionality.\n<p></p>\n<p></p>\n<span class=\"fontstyle0\">INICIO<br>\nED: res, num, x INTEIRO<br>\n&nbsp; &nbsp; REPETIR<br>\n&nbsp;&nbsp; &nbsp;&nbsp;&nbsp;&nbsp; LER(num)<br>\n&nbsp;&nbsp; &nbsp;&nbsp;&nbsp;&nbsp; SE( num > 0 ) ENTAO<br>\n&nbsp; &nbsp;&nbsp;&nbsp;&nbsp;&nbsp;&nbsp;&nbsp; &nbsp;&nbsp; res <-- 1<br>\n&nbsp; &nbsp;&nbsp;&nbsp;&nbsp;&nbsp; &nbsp;     &nbsp;&nbsp; PARA (x <--  num ATE 1 PASSO -1) FAZER<br>\n&nbsp; &nbsp;&nbsp;&nbsp;&nbsp; &nbsp; &nbsp; &nbsp;&nbsp;     &nbsp;&nbsp; res <-- res * x<br>\n&nbsp; &nbsp;&nbsp;&nbsp;&nbsp;&nbsp; &nbsp; &nbsp;&nbsp; FIMREPETIR<br>\n&nbsp; &nbsp;&nbsp;&nbsp;&nbsp;&nbsp;&nbsp;     &nbsp; &nbsp; ESCREVER(“result:”, res)<br>\n&nbsp;&nbsp; &nbsp;&nbsp;&nbsp;&nbsp; FSE<br>\n&nbsp;&nbsp;&nbsp; ENQUANTO (num &lt;&gt; 0)<br>\nFIM</span> <br>\n</html>",
          "description_format" : "HTML",
          "feedback_link" : {
            "link_type" : "STEPIK"
          },
          "task_type" : "choice"
        },
        {
          "name" : "task4_2",
          "files" : {
            "src/Task.java" : {
              "name" : "src/Task.java",
              "placeholders" : [
                {
                  "offset" : 93,
                  "length" : 20,
                  "possible_answer" : "        Scanner sc = new Scanner(System.in);\n        int num;\n        do {\n            num = sc.nextInt();\n            if (num > 0) {\n                int res = 1;\n                for (int x = num; x >= 1; x--) {\n                    res = res * x;\n                }\n                System.out.println(\"result:\" + res);\n            }\n        } while (num != 0);\n",
                  "placeholder_text" : "//put your code here"
                }
              ],
              "is_visible" : true,
              "text" : "import java.util.Scanner;\n\npublic class Task {\n    public static void main(String[] args) {\n\n//put your code here\n    }\n}"
            },
            "test/Tests.java" : {
              "name" : "test/Tests.java",
              "placeholders" : [ ],
              "is_visible" : false,
              "text" : "import org.junit.After;\nimport org.junit.Assert;\nimport org.junit.Before;\nimport org.junit.Test;\n\nimport java.io.ByteArrayInputStream;\nimport java.io.ByteArrayOutputStream;\nimport java.io.InputStream;\nimport java.io.PrintStream;\n\npublic class Tests {\n    private final InputStream systemIn = System.in;\n    private final PrintStream systemOut = System.out;\n    private ByteArrayInputStream testIn;\n    private ByteArrayOutputStream testOut;\n\n    @Before\n    public void redirectSystemOutStream() {\n        testOut = new ByteArrayOutputStream();\n        System.setOut(new PrintStream(testOut));\n    }\n\n    @After\n    public void restoreSystemOutStream() {\n        System.setIn(systemIn);\n        System.setOut(systemOut);\n    }\n\n    private void processInputData(String inputData) {\n        testIn = new ByteArrayInputStream(inputData.getBytes());\n        System.setIn(testIn);\n    }\n\n    @Test\n    public void testSolution() {\n        //arrange\n        String inputData = \"1 2 3 4 5 6 -10 0\";\n        StringBuilder expected = new StringBuilder();\n        expected.append(\"result:1\").append(System.lineSeparator());\n        expected.append(\"result:2\").append(System.lineSeparator());\n        expected.append(\"result:6\").append(System.lineSeparator());\n        expected.append(\"result:24\").append(System.lineSeparator());\n        expected.append(\"result:120\").append(System.lineSeparator());\n        expected.append(\"result:720\").append(System.lineSeparator());\n\n        processInputData(inputData);\n        //act\n        Task.main(null);\n        //assert\n        Assert.assertEquals(expected.toString(), testOut.toString());\n    }\n\n}"
            }
          },
          "description_text" : "<html>\n<strong>Task 4.2:</strong>\n<p></p>\nCode the algorithm in Java.\n<p></p>\n<p></p>\n<span class=\"fontstyle0\">INICIO<br>\nED: res, num, x INTEIRO<br>\n&nbsp; &nbsp; REPETIR<br>\n&nbsp;&nbsp; &nbsp;&nbsp;&nbsp;&nbsp; LER(num)<br>\n&nbsp;&nbsp; &nbsp;&nbsp;&nbsp;&nbsp; SE( num > 0 ) ENTAO<br>\n&nbsp; &nbsp;&nbsp;&nbsp;&nbsp;&nbsp;&nbsp;&nbsp; &nbsp;&nbsp; res <-- 1<br>\n&nbsp; &nbsp;&nbsp;&nbsp;&nbsp;&nbsp; &nbsp;     &nbsp;&nbsp; PARA (x <--  num ATE 1 PASSO -1) FAZER<br>\n&nbsp; &nbsp;&nbsp;&nbsp;&nbsp; &nbsp; &nbsp; &nbsp;&nbsp;     &nbsp;&nbsp; res <-- res * x<br>\n&nbsp; &nbsp;&nbsp;&nbsp;&nbsp;&nbsp; &nbsp; &nbsp;&nbsp; FIMREPETIR<br>\n&nbsp; &nbsp;&nbsp;&nbsp;&nbsp;&nbsp;&nbsp;     &nbsp; &nbsp; ESCREVER(“result:”, res)<br>\n&nbsp;&nbsp; &nbsp;&nbsp;&nbsp;&nbsp; FSE<br>\n&nbsp;&nbsp;&nbsp; ENQUANTO (num &lt;&gt; 0)<br>\nFIM</span> <br>\n<p></p>\n<div class=\"hint\">\n    Recommended reading:<br>\n    <br>\n    <a href=\"https://www.w3schools.com/java/java_for_loop.asp\">Loops - for</a><br>\n    <a href=\"https://www.w3schools.com/java/java_while_loop.asp\">Loops - while</a><br>\n\n</div>\n</html>",
          "description_format" : "HTML",
          "feedback_link" : {
            "link_type" : "STEPIK"
          },
          "task_type" : "edu"
        },
        {
          "name" : "task5",
          "files" : {
            "src/Task.java" : {
              "name" : "src/Task.java",
              "placeholders" : [
                {
                  "offset" : 93,
                  "length" : 21,
                  "possible_answer" : "        Scanner sc = new Scanner(System.in);\n        int number = sc.nextInt();\n        int evenDigits = 0;\n        int oddDigits = 0;\n        int oddMax = 0;\n        while (number > 9) {\n            int digit = number % 10;\n            number /= 10;\n            if (digit % 2 == 0)\n                evenDigits++;\n            else {\n                oddDigits++;\n                if (digit > oddMax)\n                    oddMax = digit;\n            }\n        }\n        if (number % 2 == 0)\n            evenDigits++;\n        else\n            oddDigits++;\n        System.out.printf(\"%.2f%%%n\", ((double) evenDigits) / (evenDigits + oddDigits)*100);\n        if (oddDigits > 0)\n            System.out.println(oddMax);\n        else\n            System.out.println(\"no odd digits\");\n",
                  "placeholder_text" : "// put your code here"
                }
              ],
              "is_visible" : true,
              "text" : "import java.util.Scanner;\n\npublic class Task {\n    public static void main(String[] args) {\n\n// put your code here\n    }\n}"
            },
            "test/Tests.java" : {
              "name" : "test/Tests.java",
              "placeholders" : [ ],
              "is_visible" : false,
              "text" : "import org.junit.After;\nimport org.junit.Assert;\nimport org.junit.Before;\nimport org.junit.Test;\n\nimport java.io.ByteArrayInputStream;\nimport java.io.ByteArrayOutputStream;\nimport java.io.InputStream;\nimport java.io.PrintStream;\n\npublic class Tests {\n  //..........<variaveis globais>\n  private final InputStream systemIn = System.in;\n  private final PrintStream systemOut = System.out;\n\n  private ByteArrayInputStream testIn;\n  private ByteArrayOutputStream testOut;\n\n  private final String nl = System.lineSeparator();\n  //..........<definir antes de cada teste>\n  @Before\n  public void redirectSystemOutStream() {\n    testOut = new ByteArrayOutputStream();\n    System.setOut(new PrintStream(testOut));\n  }\n\n  //..........<repor depois de cada teste>\n  @After\n  public void restoreSystemOutStream() {\n    System.setIn(systemIn);\n    System.setOut(systemOut);\n  }\n\n  //..........<processar os dados de input de cada teste>\n  private void processInputData(String inputData) {\n    testIn = new ByteArrayInputStream(inputData.getBytes());\n    System.setIn(testIn);\n  }\n\n  @Test\n  public void testSolution1() {\n    //arrange\n    String inputData = \"36781\";\n    String expected = \"40.00%\"+nl+\"7\"+nl;\n\n      processInputData(inputData);\n      //act\n      Task.main(null);\n      //assert\n      Assert.assertEquals(expected, testOut.toString());\n  }\n  @Test\n  public void testSolution2() {\n    //arrange\n    String inputData = \"682\";\n    String expected = \"100.00%\"+nl+\"no odd digits\"+nl;\n\n    processInputData(inputData);\n    //act\n    Task.main(null);\n    //assert\n    Assert.assertEquals(expected, testOut.toString());\n  }\n  @Test\n  public void testSolution3() {\n    //arrange\n    String inputData = \"1351\";\n    String expected = \"0.00%\"+nl+\"5\"+nl;\n\n    processInputData(inputData);\n    //act\n    Task.main(null);\n    //assert\n    Assert.assertEquals(expected, testOut.toString());\n  }\n  @Test\n  public void testSolution4() {\n    //arrange\n    String inputData = \"0\";\n    String expected = \"100.00%\"+nl+\"no odd digits\"+nl;\n\n    processInputData(inputData);\n    //act\n    Task.main(null);\n    //assert\n    Assert.assertEquals(expected, testOut.toString());\n  }\n}"
            }
          },
          "description_text" : "<html>\n<strong>Task 5:</strong>\n<p></p>\n<p>Write a Java program that reads a positive integer and determines the percentage of even digits and the\n    greatest odd digit.</p>\n<p>The percentage must be displayed using 2 decimal places.</p>\n<p>If there are no odd digits, the message \"<b>no odd digits</b>\" should be displayed.</p>\nEach output value should be displayed on separate lines.\n<p></p>\nExample1:<br>\n<i>input:</i><br>\n36781<br>\n<i>output:</i><br>\n40.00%<br>\n7<br>\n<p></p>\nExample2:<br>\n<i>input:</i><br>\n682<br>\n<i>output:</i><br>\n100.00%<br>\nno odd digits<br>\n<p></p>\n<div class=\"hint\">\n    Recommended reading:<br>\n    <br>\n    <a\n            href=\"https://docs.oracle.com/javase/tutorial/java/data/numberformat.html\">Formatting\n        Numeric Print Output</a><br>\n    <a\n            href=\"https://www.tutorialspoint.com/format-floating-point-number-in-java\">Format floating point number in Java</a><br>\n    <a href=\"https://www.tutorialspoint.com/Formatted-Output-in-Java\">Formatted\n        Output in Java</a><br>\n    <a\n            href=\"https://www.tutorialspoint.com/set-width-and-precision-to-format-output-in-java\">Set\n        width and precision to format output in Java</a><br>\n    <br></div>\n    \n<div class=\"hint\">\n<span style=\"font-weight: bold;\">System.out.printf( <span\n        style=\"font-style: italic;\">format</span>, arguments );</span><br\n        style=\"font-weight: bold;\">\n    <br>\n    <span style=\"font-style: italic;\">format</span> specifiers include\n    flags, width, precision, and conversion characters in the following\n    sequence:<br>\n    %[flags][width][.precision]conversion-character<br>\n    <br>\n    conversion-character<br>\n    s – formats strings<br>\n    d – formats decimal integers<br>\n    f – formats the floating-point numbers<br>\n    <br>\n    %n - newline<br>\n    <br>\n    %% - shows de percentage symbol (%)<br>\n    <br>\n    <br>\n    examples:<br>\n    System.out.printf(\"%s\", \"Hello\");<br>\n    System.out.printf(\"%d%n\", 123);<br>\n    System.out.printf(\"%.2f%%\", 3.14159265);<br>\n    <br>\n    <i>output:</i><br>\n    Hello123<br>\n    3.14%<br>\n    <br></div>\n\n</html>",
          "description_format" : "HTML",
          "feedback_link" : {
            "link_type" : "STEPIK"
          },
          "task_type" : "edu"
        },
        {
          "choiceOptions" : [
            {
              "text" : "Reads several numbers of type <b>int</b> and <b>double</b>",
              "status" : "INCORRECT"
            },
            {
              "text" : "Reads a <b>double</b> number <b>n</b> times",
              "status" : "CORRECT"
            },
            {
              "text" : "Reads a <b>double</b> number when <b>d > b</b>",
              "status" : "INCORRECT"
            },
            {
              "text" : "Reads a <b>double</b> number when <b>d < c</b>",
              "status" : "INCORRECT"
            },
            {
              "text" : "It is very difficult to understand the code",
              "status" : "CORRECT"
            },
            {
              "text" : "Variable identifiers should be more explicit",
              "status" : "CORRECT"
            },
            {
              "text" : "The output messages are synthetic",
              "status" : "INCORRECT"
            },
            {
              "text" : "Output messages are not objective",
              "status" : "CORRECT"
            }
          ],
          "isMultipleChoice" : true,
          "name" : "task6_1",
          "files" : {
            "src/Main.java" : {
              "name" : "src/Main.java",
              "placeholders" : [ ],
              "is_visible" : true,
              "text" : "import java.util.Scanner;\n\npublic class Main {\n    public static void main(String[] args) {\n        Scanner sc = new Scanner(System.in);\n        int n = sc.nextInt();\n        double b = 0;\n        double c = 0;\n        for (int i = 0; i < n; i++) {\n            double d = sc.nextDouble();\n            if (d > b)\n                b = d;\n            else if (d < c)\n                c = d;\n        }\n        if (b > 0)\n            System.out.println(\"msg1\" + b);\n        else\n            System.out.println(\"msg2\");\n        if (c < 0)\n            System.out.println(\"msg3\" + c);\n        else\n            System.out.println(\"msg4\");\n    }\n}"
            }
          },
          "description_text" : "<html>\n<strong>Task 6.1:</strong>\n<p></p>\nAnalyze the Java program and deduce its functionality.\n\n</html>",
          "description_format" : "HTML",
          "feedback_link" : {
            "link_type" : "STEPIK"
          },
          "task_type" : "choice"
        },
        {
          "name" : "task6_2",
          "files" : {
            "src/Task.java" : {
              "name" : "src/Task.java",
              "placeholders" : [ ],
              "is_visible" : true,
              "text" : "import java.util.Scanner;\n\npublic class Task {\n    public static void main(String[] args) {\n        Scanner sc = new Scanner(System.in);\n        int n = sc.nextInt();\n        double b = 0;\n        double c = 0;\n        for (int i = 0; i < n; i++) {\n            double d = sc.nextDouble();\n            if (d > b)\n                b = d;\n            else if (d < c)\n                c = d;\n        }\n        if (b > 0)\n            System.out.println(\"msg1\" + b);\n        else\n            System.out.println(\"msg2\");\n        if (c < 0)\n            System.out.println(\"msg3\" + c);\n        else\n            System.out.println(\"msg4\");\n    }\n//    public static void main(String[] args) {\n//        Scanner sc = new Scanner(System.in);\n//        int qtd = sc.nextInt();\n//        double biggestPositive = 0;\n//        double biggestNegative = 0;\n//        for (int i = 0; i < qtd; i++) {\n//            double number = sc.nextDouble();\n//            if (number > biggestPositive)\n//                biggestPositive = number;\n//            else if (number < biggestNegative)\n//                biggestNegative = number;\n//        }\n//        if (biggestPositive > 0)\n//            System.out.println(\"The biggest positive number entered was :\" + biggestPositive);\n//        else\n//            System.out.println(\"No positive numbers were entered\");\n//        if (biggestNegative < 0)\n//            System.out.println(\"The biggest negative number entered was :\" + biggestNegative);\n//        else\n//            System.out.println(\"No negative numbers were entered\");\n//    }\n\n}"
            },
            "test/Tests.java" : {
              "name" : "test/Tests.java",
              "placeholders" : [ ],
              "is_visible" : false,
              "text" : "import org.junit.After;\nimport org.junit.Assert;\nimport org.junit.Before;\nimport org.junit.Test;\n\nimport java.io.ByteArrayInputStream;\nimport java.io.ByteArrayOutputStream;\nimport java.io.InputStream;\nimport java.io.PrintStream;\n\npublic class Tests {\n  private final InputStream systemIn = System.in;\n  private final PrintStream systemOut = System.out;\n  private ByteArrayInputStream testIn;\n  private ByteArrayOutputStream testOut;\n  private final String nl = System.lineSeparator();\n  @Before\n  public void redirectSystemOutStream() {\n    testOut = new ByteArrayOutputStream();\n    System.setOut(new PrintStream(testOut));\n  }\n  @After\n  public void restoreSystemOutStream() {\n    System.setIn(systemIn);\n    System.setOut(systemOut);\n  }\n  private void processInputData(String inputData) {\n    testIn = new ByteArrayInputStream(inputData.getBytes());\n    System.setIn(testIn);\n  }\n  @Test\n  public void testSolution1() {\n    //arrange\n    String inputData = \"5 12.5 -5.3 17 -3.1 9.8\";\n    String expected = \"The biggest positive number entered was :17.0\"+nl+\"The biggest negative number entered was :-5.3\"+nl ;\n    processInputData(inputData);\n    //act\n    Task.main(null);\n    //assert\n    Assert.assertEquals(expected, testOut.toString());\n  }\n  @Test\n  public void testSolution2() {\n    //arrange\n    String inputData = \"5 12.5 5.3 17 3.1 9.8\";\n    String expected = \"The biggest positive number entered was :17.0\"+nl+\"No negative numbers were entered\"+nl ;\n    processInputData(inputData);\n    //act\n    Task.main(null);\n    //assert\n    Assert.assertEquals(expected, testOut.toString());\n  }\n  @Test\n  public void testSolution3() {\n    //arrange\n    String inputData = \"5 -12.5 -5.3 -17 -3.1 -9.8\";\n    String expected = \"No positive numbers were entered\"+nl+\"The biggest negative number entered was :-17.0\"+nl ;\n    processInputData(inputData);\n    //act\n    Task.main(null);\n    //assert\n    Assert.assertEquals(expected, testOut.toString());\n  }\n  @Test\n  public void testSolution4() {\n    //arrange\n    String inputData = \"5 0 0 0 0 0\";\n    String expected = \"No positive numbers were entered\"+nl+\"No negative numbers were entered\"+nl ;\n    processInputData(inputData);\n    //act\n    Task.main(null);\n    //assert\n    Assert.assertEquals(expected, testOut.toString());\n  }\n}"
            }
          },
          "description_text" : "<html>\n<strong>Task 6.2:</strong>\n<p></p>\nRefactoring the code to make it more understandable.\n\n<p><i>Modify the variable identifiers as follows:</i></p>\n\nn --> quantity<br>\nb --> biggestPositive<br>\nc --> biggestNegative<br>\n\n<p><i>Modify the output messages as follows:</i></p>\n\n\"msg1\" --> \"The biggest positive number entered was :\"<br>\n\"msg2\" --> \"No positive numbers were entered\"<br>\n\"msg3\" --> \"The biggest negative number entered was :\"<br>\n\"msg4\" --> \"No negative numbers were entered\"<br>\n\n<p>Run the program (&shortcut:ChooseRunConfiguration;) and see if the output messages are more suitable</p>\n\n<div class=\"hint\">\n  <p>Recommended reading:</p>\n  <a href=\"https://www.youtube.com/watch?v=1C9f4mqDDlY\">Identifiers in Java</a><br>\n  <a href=\"https://www.oreilly.com/library/view/java-8-pocket/9781491901083/ch01.html\">Java Naming Conventions (1)</a><br>\n  <a href=\"https://www.geeksforgeeks.org/java-naming-conventions/\">Java Naming Conventions (2)</a><br>\n  <a href=\"https://dzone.com/articles/whats-in-a-name-java-naming-conventions\">Java Naming Conventions (3)</a><br>\n\n</div>\n</html>",
          "description_format" : "HTML",
          "feedback_link" : {
            "link_type" : "STEPIK"
          },
          "task_type" : "edu"
        }
      ],
      "type" : "lesson"
    }
  ],
  "additional_files" : [
    {
      "name" : "build.gradle",
      "placeholders" : [ ],
      "is_visible" : true,
      "text" : "buildscript {\n    repositories {\n        mavenCentral()\n    }\n}\n\ndef printOutput(def output) {\n    return tasks.create(\"printOutput\") {\n        for (line in output.toString().readLines()) {\n            println \"#educational_plugin\" + line\n        }\n    }\n}\n\nsubprojects {\n    apply plugin: 'application'\n    apply plugin: 'java'\n\n    sourceCompatibility = 1.8\n\n    repositories {\n        mavenCentral()\n    }\n\n    dependencies {\n        testCompile group: 'junit', name: 'junit', version: '4.12'\n    }\n\n    sourceSets {\n        main {\n            java.srcDir 'src'\n        }\n        test {\n            java.srcDir 'test'\n        }\n    }\n\n    mainClassName = project.hasProperty(\"mainClass\") ? project.getProperty(\"mainClass\") : \"\"\n\n    def runOutput = new ByteArrayOutputStream()\n    tasks.run.setStandardOutput(runOutput)\n    tasks.run.doLast { printOutput(runOutput) }\n}\n\nproject(':util') {\n    dependencies {\n        compile group: 'junit', name: 'junit', version: '4.12'\n    }\n}\n\nconfigure(subprojects.findAll {it.name != 'util'}) {\n  dependencies {\n    compile project(':util').sourceSets.main.output\n    testCompile project(':util').sourceSets.test.output\n  }\n}\n"
    }
  ],
  "version" : 11
}