{
  "summary" : "<strong>APROG DEI</strong><br><br>\n<strong>Java Programming<br>\n</strong><br>\nEmanuel Cunha Silva<br>\necs@isep.ipp.pt<br>\n<br>",
  "title" : "APROG TP7",
  "authors" : [
    "Emanuel Silva"
  ],
  "programming_language" : "JAVA",
  "language" : "en",
  "course_type" : "PyCharm",
  "items" : [
    {
      "title" : "lesson1",
      "task_list" : [
        {
          "name" : "task0",
          "files" : {
            "src/Main.java" : {
              "name" : "src/Main.java",
              "placeholders" : [ ],
              "is_visible" : true,
              "text" : "public class Main {\n   public static void main(String[] args) {\n      // Write your solution here\n   }\n}"
            }
          },
          "description_text" : "#### Lesson TP 7:\n\nSPECIFIC GOALS:\n\nThe students should be able to:\n- Use Java API Classes\n- Design an algorithm and structuring it in modules\n- Adopt modularization\n- Adopt code reuse\n- Avoid code redundancy\n",
          "description_format" : "MD",
          "feedback_link" : {
            "link_type" : "STEPIK"
          },
          "task_type" : "theory"
        },
        {
          "choiceOptions" : [
            {
              "text" : "[1]",
              "status" : "INCORRECT"
            },
            {
              "text" : "[2]",
              "status" : "INCORRECT"
            },
            {
              "text" : "[3]",
              "status" : "INCORRECT"
            },
            {
              "text" : "[4]",
              "status" : "CORRECT"
            },
            {
              "text" : "[5]",
              "status" : "INCORRECT"
            }
          ],
          "isMultipleChoice" : false,
          "name" : "task1_1",
          "files" : {
            "src/Main.java" : {
              "name" : "src/Main.java",
              "placeholders" : [ ],
              "is_visible" : true,
              "text" : "import java.util.Scanner;\n\npublic class Main {\n    static Scanner sc = new Scanner(System.in);\n\n    public static void main(String[] args) {\n        int id = Integer.parseInt(sc.nextLine());\n        double height = Double.parseDouble(sc.nextLine());\n        String fullName = sc.nextLine();\n        double perPar = percentageOfParentheses(fullName) * 100;\n        System.out.println(\"                  20     5     5       7 %\");\n        System.out.println(\"====================|=====|=====|=======|\");\n        System.out.printf(\"%-20s %5d %5.2f %7.3f %% %n\", fullName, id, height, perPar);\n    }\n\n    public static double percentageOfParentheses(String str) {\n        int numberOfParentheses = 0;\n        for (int i = 0; i < str.length(); i++) {\n            if (isParentheses(str.charAt(i))) {\n                numberOfParentheses++;\n            }\n        }\n        return ((double) numberOfParentheses / str.length());\n    }\n\n    public static boolean isParentheses(char c) {\n        switch (c) {\n            case '[':\n            case ']':\n            case '(':\n            case ')':\n            case '{':\n            case '}':\n                return true;\n            default:\n                return false;\n        }\n    }\n}"
            }
          },
          "description_text" : "**Task 1.1:**  \n  \n  \nAnalyze the Java program and deduce its functionality.\n\nConsidering the following input for the program:  \n<pre>\n123\n1.83\n[Paul] (Mc)Namara\n</pre>  \n\nWhat is the resulting output?  \n[1]  \n<pre>\n                  20     5     5       7 %\n====================|=====|=====|=======|  \n%-20s %5d %5.2f %7.3f %% %n  \n</pre>\n  \n[2]  \n<pre>\n                  20     5     5       7 %\n====================|=====|=====|=======|\n[Paul] (Mc)Namara 123 1.83 23.529  \n</pre>\n\n[3]  \n<pre>\n                  20     5     5       7 %\n====================|=====|=====|=======|\n   [Paul] (Mc)Namara   123  1.83  23.529 % n \n</pre>  \n\n[4]  \n<pre>\n                  20     5     5       7 %\n====================|=====|=====|=======|\n[Paul] (Mc)Namara      123  1.83  23.529 %  \n</pre>  \n\n[5]  \n<pre>\n                  20     5     5       7 %\n====================|=====|=====|=======|\n[Paul] (Mc)Namara    123   1.83  23.529 % n \n</pre>  \n\n\n",
          "description_format" : "MD",
          "feedback_link" : {
            "link_type" : "STEPIK"
          },
          "task_type" : "choice"
        },
        {
          "choiceOptions" : [
            {
              "text" : "<b>System.out.printf(\"%-20s %5d\", fullName, id);</b> prints fullName and id, left and right justified, respectively",
              "status" : "CORRECT"
            },
            {
              "text" : "<b>System.out.printf(\"%5.2f\", height);</b>  prints the value of the variable (height) using 7 digits but 2 are decimal places",
              "status" : "INCORRECT"
            },
            {
              "text" : "<b>System.out.printf(\"%5.2f\", height);</b>  prints the value of the variable (height) using 5 spaces ->  2 for decimal places, 1 for the \".\", and the rest for the integer part of the number",
              "status" : "CORRECT"
            },
            {
              "text" : "<b>((double) qty / str.length())</b> converts the result of the division to a double",
              "status" : "INCORRECT"
            },
            {
              "text" : "<b>((double) qty / str.length())</b> converts the value of qty to a double before the division operation",
              "status" : "CORRECT"
            },
            {
              "text" : "<b>int id = Integer.parseInt(sc.nextLine());</b> and <b>int id = sc.nextInt();</b> are equivalent. Both read an integer even though there is other information on the same input line.",
              "status" : "INCORRECT"
            },
            {
              "text" : "<b>int id = Integer.parseInt(sc.nextLine());</b> can be used when the input line has only one number",
              "status" : "CORRECT"
            },
            {
              "text" : "The two blocks of code below are equivalent to read the following line of input:<b><br>15 3.14  Ana Antonia<br></b>",
              "status" : "INCORRECT"
            },
            {
              "text" : "The two blocks of code below are equivalent to read the following 3 lines of input:<b><br>15<br>3.14<br>Ana Antonia<br></b><pre>{  //block of code 1<br>int id = Integer.parseInt(sc.nextLine());<br>double height = Double.parseDouble(sc.nextLine());<br>String fullName = sc.nextLine();<br>}<br>{  //block of code 2<br>int id = sc.nextInt();<br>double height = sc.nextDouble();<br>sc.nextLine();<br>String fullName = sc.nextLine();<br>}</pre>",
              "status" : "CORRECT"
            }
          ],
          "isMultipleChoice" : true,
          "name" : "task1_2",
          "files" : {
            "src/Main.java" : {
              "name" : "src/Main.java",
              "placeholders" : [ ],
              "is_visible" : true,
              "text" : "import java.util.Scanner;\n\npublic class Main {\n    static Scanner sc = new Scanner(System.in);\n\n    public static void main(String[] args) {\n        int id = Integer.parseInt(sc.nextLine());\n        double height = Double.parseDouble(sc.nextLine());\n        String fullName = sc.nextLine();\n        double perPar = percentageOfParentheses(fullName) * 100;\n        System.out.println(\"                  20     5     5       7 %\");\n        System.out.println(\"====================|=====|=====|=======|\");\n        System.out.printf(\"%-20s %5d %5.2f %7.3f %% %n\", fullName, id, height, perPar);\n    }\n\n    public static double percentageOfParentheses(String str) {\n        int numberOfParentheses = 0;\n        for (int i = 0; i < str.length(); i++) {\n            if (isParentheses(str.charAt(i))) {\n                numberOfParentheses++;\n            }\n        }\n        return ((double) numberOfParentheses / str.length());\n    }\n\n    public static boolean isParentheses(char c) {\n        switch (c) {\n            case '[':\n            case ']':\n            case '(':\n            case ')':\n            case '{':\n            case '}':\n                return true;\n            default:\n                return false;\n        }\n    }\n}"
            }
          },
          "description_text" : "**Task 1.2:**\n\n\nAnalyze the Java program and deduce its functionality.\n  \n  \nSelect statements that are TRUE  \n  \n\n",
          "description_format" : "MD",
          "feedback_link" : {
            "link_type" : "STEPIK"
          },
          "task_type" : "choice"
        }
      ],
      "type" : "lesson"
    },
    {
      "title" : "lesson2",
      "task_list" : [
        {
          "name" : "task2_1",
          "files" : {
            "src/Main.java" : {
              "name" : "src/Main.java",
              "placeholders" : [
                {
                  "offset" : 119,
                  "length" : 45,
                  "possible_answer" : "      //put your code here\n      //a)\n      System.out.println(myString.substring(7,13));\n      //b)\n      System.out.println(myString.endsWith(\"bee\"));\n      //c)\n      System.out.println(myString.startsWith(\"be\"));\n      //d)\n      System.out.println(myString.contains(\"t t\"));\n      //e)\n      System.out.println(myString.charAt(8));\n\n",
                  "placeholder_text" : "//put your code here\n//a)\n//b)\n//c)\n//d)\n//e)"
                }
              ],
              "is_visible" : true,
              "text" : "public class Main {\n   public static void main(String[] args) {\n      String myString = \"To be, or not to be, a bee\";\n\n//put your code here\n//a)\n//b)\n//c)\n//d)\n//e)\n\n   }\n}"
            },
            "test/output.txt" : {
              "name" : "test/output.txt",
              "placeholders" : [ ],
              "is_visible" : false,
              "text" : "or not\ntrue\nfalse\ntrue\nr\n"
            }
          },
          "description_text" : "**Task 2.1**  \n  \nConsidering the following statement:\n<pre>\nString myString = \"To be, or not to be, a bee\";\n</pre>\nUsing the Java API, write the code (in the main() method) to answer the following tasks:  \n  \n**a)**  \nPrint the content between positions 7 and 13 of *myString*.  \n(<i>result: <b>or not</b></i>)  \n<div class=\"hint\">\n<pre><code>\n  System.out.println(myString.substring(...));\n  </code></pre>\n</div>\n\n\n**b)**  \nPrint if *myString* ends with \"bee\"  \n(<i>result: <b>true</b></i>)  \n\n**c)**  \nPrint if *myString* starts with \"be\"  \n(<i>result: <b>false</b></i>)   \n\n**d)**  \nPrint if *myString* contains the string \"t t\"  \n(<i>result: <b>true</b></i>)   \n\n**e)**  \nPrint the char at position 8 of *myString*  \n(<i>result: <b>r</b></i>)   \n\n<div class=\"hint\">\n  <b>Recommended reading</b><br>  \n  Java String methods <br>\n  \n  [Java String API](https://docs.oracle.com/en/java/javase/11/docs/api/java.base/java/lang/String.html)\n  \n</div>\n",
          "description_format" : "MD",
          "feedback_link" : {
            "link_type" : "STEPIK"
          },
          "task_type" : "output"
        },
        {
          "name" : "task2_2",
          "files" : {
            "src/Task.java" : {
              "name" : "src/Task.java",
              "placeholders" : [
                {
                  "offset" : 121,
                  "length" : 20,
                  "possible_answer" : "\n        System.out.println(getFirstLetters(myString));\n\n",
                  "placeholder_text" : "//put your code here"
                },
                {
                  "offset" : 151,
                  "length" : 39,
                  "possible_answer" : "    public static String getFirstLetters(String str) {\n        String result = \"\";\n        boolean isSpace = true;\n        for (int i = 0; i < str.length(); i++) {\n            if (str.charAt(i) == ' ') {\n                isSpace = true;\n            } else if (isSpace) {\n                result += str.charAt(i);\n                isSpace = false;\n            }\n        }\n        return result.toUpperCase();\n    }\n\n",
                  "placeholder_text" : "//put the method getFirstLetters() here"
                }
              ],
              "is_visible" : true,
              "text" : "public class Task {\n    public static void main(String[] args) {\n        String myString = \"To be, or not to be, a bee\";\n//put your code here\n\n    }\n\n\n//put the method getFirstLetters() here\n\n}"
            },
            "test/Tests.java" : {
              "name" : "test/Tests.java",
              "placeholders" : [ ],
              "is_visible" : false,
              "text" : "import org.junit.After;\nimport org.junit.Assert;\nimport org.junit.Before;\nimport org.junit.Test;\n\nimport java.io.ByteArrayInputStream;\nimport java.io.ByteArrayOutputStream;\nimport java.io.InputStream;\nimport java.io.PrintStream;\n\npublic class Tests {\n    private final InputStream systemIn = System.in;\n    private final PrintStream systemOut = System.out;\n    private final String nl = System.lineSeparator();\n    private ByteArrayInputStream testIn;\n    private ByteArrayOutputStream testOut;\n\n    @Before\n    public void redirectSystemOutStream() {\n        testOut = new ByteArrayOutputStream();\n        System.setOut(new PrintStream(testOut));\n    }\n\n    @After\n    public void restoreSystemOutStream() {\n        System.setIn(systemIn);\n        System.setOut(systemOut);\n    }\n\n    private void processInputData(String inputData) {\n        testIn = new ByteArrayInputStream(inputData.getBytes());\n        System.setIn(testIn);\n    }\n\n    @Test\n    public void testSolution1() {\n        //arrange\n        String expected = \"TBONTBAB\" + nl;\n        //act\n        Task.main(null);\n        //assert\n        Assert.assertEquals(expected, testOut.toString());\n    }\n\n    @Test\n    public void testSolution2() {\n        //arrange\n        String myString = \"Era uma vez   o    sol   \";\n        String expected = \"EUVOS\";\n        //act\n        String result = Task.getFirstLetters(myString);\n        //assert\n        Assert.assertEquals(expected, result);\n    }\n}"
            }
          },
          "description_text" : "**Task 2.2**  \n  \nConsidering the following statement:\n<pre>\nString myString = \"To be, or not to be, a bee\";\n</pre>\nUsing the Java API, write the code to answer the following tasks:  \n  \n**f)**  \nWrite the method **getFirstLetters(...)** to return the initial letters of all words of *myString* (in upper case) .\nThe method must receive *myString* as parameter and return a new string with the initial capital letters.\n  \nAdjust the **main()** method to invoke the **getFirstLetters(...)** method and print the result obtained.  \n(<i>result: <b>TBONTBAB</b></i>)   \n\n<div class=\"hint\">\n<pre><code>\n  public static String getFirstLetters(String str) {\n  ...\n  }\n  </code></pre>\n</div>\n",
          "description_format" : "MD",
          "feedback_link" : {
            "link_type" : "STEPIK"
          },
          "task_type" : "edu"
        },
        {
          "name" : "task2_3",
          "files" : {
            "src/Task.java" : {
              "name" : "src/Task.java",
              "placeholders" : [
                {
                  "offset" : 121,
                  "length" : 20,
                  "possible_answer" : "\n        System.out.println(ocorrencesOfStringInsideString(\"be\", myString));\n\n",
                  "placeholder_text" : "//put your code here"
                },
                {
                  "offset" : 150,
                  "length" : 54,
                  "possible_answer" : "    public static int ocorrencesOfStringInsideString(String subStr, String myString) {\n        int result = 0;\n        int position = myString.indexOf(subStr, 0);\n        while (position != -1) {\n            result++;\n            position = myString.indexOf(subStr, position + 1);\n        }\n        return result;\n    }\n",
                  "placeholder_text" : "//put the method ocorrencesOfStringInsideString() here"
                }
              ],
              "is_visible" : true,
              "text" : "public class Task {\n    public static void main(String[] args) {\n        String myString = \"To be, or not to be, a bee\";\n//put your code here\n\n    }\n\n//put the method ocorrencesOfStringInsideString() here\n\n}"
            },
            "test/Tests.java" : {
              "name" : "test/Tests.java",
              "placeholders" : [ ],
              "is_visible" : false,
              "text" : "import org.junit.After;\nimport org.junit.Assert;\nimport org.junit.Before;\nimport org.junit.Test;\n\nimport java.io.ByteArrayInputStream;\nimport java.io.ByteArrayOutputStream;\nimport java.io.InputStream;\nimport java.io.PrintStream;\n\npublic class Tests {\n    private final InputStream systemIn = System.in;\n    private final PrintStream systemOut = System.out;\n    private final String nl = System.lineSeparator();\n    private ByteArrayInputStream testIn;\n    private ByteArrayOutputStream testOut;\n\n    @Before\n    public void redirectSystemOutStream() {\n        testOut = new ByteArrayOutputStream();\n        System.setOut(new PrintStream(testOut));\n    }\n\n    @After\n    public void restoreSystemOutStream() {\n        System.setIn(systemIn);\n        System.setOut(systemOut);\n    }\n\n    private void processInputData(String inputData) {\n        testIn = new ByteArrayInputStream(inputData.getBytes());\n        System.setIn(testIn);\n    }\n\n    @Test\n    public void testSolution1() {\n        //arrange\n        String expected = \"3\" + nl;\n        //act\n        Task.main(null);\n        //assert\n        Assert.assertEquals(expected, testOut.toString());\n    }\n\n    @Test\n    public void testSolution2() {\n        //arrange\n        String myString = \"Era uma vez o sol\";\n        int expected = 2;\n        //act\n        int result = Task.ocorrencesOfStringInsideString(\"o\", myString);\n        //assert\n        Assert.assertEquals(expected, result);\n    }\n\n    @Test\n    public void testSolution3() {\n        //arrange\n        String myString = \"Era uma vez o sol\";\n        int expected = 0;\n        //act\n        int result = Task.ocorrencesOfStringInsideString(\"x\", myString);\n        //assert\n        Assert.assertEquals(expected, result);\n    }\n}"
            }
          },
          "description_text" : "**Task 2.3**  \n  \nConsidering the following statement:\n<pre>\nString myString = \"To be, or not to be, a bee\";\n</pre>\nUsing the Java API, write the code to answer the following tasks:  \n  \n**g)**  \nWrite the method **ocorrencesOfStringInsideString(** *String subStr, String myString* **)** to return how many times a substring (<i>subStr</i>) occurs within a string (<i>myString</i>).  \n  \nAdjust the **main()** method to invoke the **ocorrencesOfStringInsideString(...)** method and print how many times \"be\" occurs within <i>myString</i>.  \n(<i>result: <b>3</b></i>)   \n\n<div class=\"hint\">\n<pre><code>\npublic static int ocorrencesOfStringInsideString(String subStr, String myString) {\n...\n}\n  </code></pre>\n</div>\n",
          "description_format" : "MD",
          "feedback_link" : {
            "link_type" : "STEPIK"
          },
          "task_type" : "edu"
        },
        {
          "name" : "task2_4",
          "files" : {
            "src/Task.java" : {
              "name" : "src/Task.java",
              "placeholders" : [
                {
                  "offset" : 65,
                  "length" : 20,
                  "possible_answer" : "\n        System.out.println(similarityLevel(\"  My be \", \"my BE \"));\n\n",
                  "placeholder_text" : "//put your code here"
                },
                {
                  "offset" : 94,
                  "length" : 39,
                  "possible_answer" : "    public static int similarityLevel(String str1, String str2) {\n        int result = 0;\n        str1=str1.trim();\n        str2=str2.trim();\n        if(str1.equals(str2))\n            return 1;\n        if(str1.equalsIgnoreCase(str2))\n            return 0;\n        return -1;\n    }\n\n",
                  "placeholder_text" : "//put the method similarityLevel() here"
                }
              ],
              "is_visible" : true,
              "text" : "public class Task {\n    public static void main(String[] args) {\n//put your code here\n\n    }\n\n//put the method similarityLevel() here\n\n}"
            },
            "test/Tests.java" : {
              "name" : "test/Tests.java",
              "placeholders" : [ ],
              "is_visible" : false,
              "text" : "import org.junit.After;\nimport org.junit.Assert;\nimport org.junit.Before;\nimport org.junit.Test;\n\nimport java.io.ByteArrayInputStream;\nimport java.io.ByteArrayOutputStream;\nimport java.io.InputStream;\nimport java.io.PrintStream;\n\npublic class Tests {\n    private final InputStream systemIn = System.in;\n    private final PrintStream systemOut = System.out;\n    private final String nl = System.lineSeparator();\n    private ByteArrayInputStream testIn;\n    private ByteArrayOutputStream testOut;\n\n    @Before\n    public void redirectSystemOutStream() {\n        testOut = new ByteArrayOutputStream();\n        System.setOut(new PrintStream(testOut));\n    }\n\n    @After\n    public void restoreSystemOutStream() {\n        System.setIn(systemIn);\n        System.setOut(systemOut);\n    }\n\n    private void processInputData(String inputData) {\n        testIn = new ByteArrayInputStream(inputData.getBytes());\n        System.setIn(testIn);\n    }\n\n    @Test\n    public void testSolution1() {\n        //arrange\n        String expected = \"0\" + nl;\n        //act\n        Task.main(null);\n        //assert\n        Assert.assertEquals(expected, testOut.toString());\n    }\n\n  @Test\n  public void testSolution2() {\n    //arrange\n    String str1 = \"   my be  \";\n    String str2 = \"my be \";\n    int expected = 1;\n    //act\n    int result = Task.similarityLevel(str1, str2);\n    //assert\n    Assert.assertEquals(expected, result);\n  }\n  @Test\n  public void testSolution3() {\n    //arrange\n    String str1 = \"   my Be  \";\n    String str2 = \"My be \";\n    int expected = 0;\n    //act\n    int result = Task.similarityLevel(str1, str2);\n    //assert\n    Assert.assertEquals(expected, result);\n  }\n\n    @Test\n    public void testSolution4() {\n        //arrange\n        String str1 = \"   my  be  \";\n        String str2 = \"my be \";\n        int expected = -1;\n        //act\n        int result = Task.similarityLevel(str1, str2);\n        //assert\n        Assert.assertEquals(expected, result);\n    }\n}"
            }
          },
          "description_text" : "**Task 2.3**  \n  \nUsing the Java API, write the code to answer the following tasks:  \n  \n**h)**  \nWrite the method **similarityLevel(String str1, String str2)** to check the level of equality between two strings.  \nThe method must receive the strings as parameters and returns:  \n**1** - if they are exactly the same  \n**0** - if they are similar, that is, they have the same characters in the same positions but characters are different in upper and lower case.  \n**-1** - they have different content in the same positions.  \n\nSpaces at the beginning and end of strings must be ignored.  \n\nAdjust the **main()** method to invoke the **similarityLevel(...)** method and print the similarity level between \"  My be \" and \"my BE   \".  \n(<i>result: <b>0</b></i>)   \n\n<div class=\"hint\">\n<pre><code>\npublic static int similarityLevel(String str1, String str2) {\n...\n}\n  </code></pre>\n</div>\n",
          "description_format" : "MD",
          "feedback_link" : {
            "link_type" : "STEPIK"
          },
          "task_type" : "edu"
        }
      ],
      "type" : "lesson"
    }
  ],
  "additional_files" : [
    {
      "name" : "build.gradle",
      "placeholders" : [ ],
      "is_visible" : true,
      "text" : "buildscript {\n    repositories {\n        mavenCentral()\n    }\n}\n\ndef printOutput(def output) {\n    return tasks.create(\"printOutput\") {\n        for (line in output.toString().readLines()) {\n            println \"#educational_plugin\" + line\n        }\n    }\n}\n\nsubprojects {\n    apply plugin: 'application'\n    apply plugin: 'java'\n\n    sourceCompatibility = 1.8\n\n    repositories {\n        mavenCentral()\n    }\n\n    dependencies {\n        testCompile group: 'junit', name: 'junit', version: '4.12'\n    }\n\n    sourceSets {\n        main {\n            java.srcDir 'src'\n        }\n        test {\n            java.srcDir 'test'\n        }\n    }\n\n    mainClassName = project.hasProperty(\"mainClass\") ? project.getProperty(\"mainClass\") : \"\"\n\n    def runOutput = new ByteArrayOutputStream()\n    tasks.run.setStandardOutput(runOutput)\n    tasks.run.doLast { printOutput(runOutput) }\n}\n\nproject(':util') {\n    dependencies {\n        compile group: 'junit', name: 'junit', version: '4.12'\n    }\n}\n\nconfigure(subprojects.findAll {it.name != 'util'}) {\n  dependencies {\n    compile project(':util').sourceSets.main.output\n    testCompile project(':util').sourceSets.test.output\n  }\n}\n"
    }
  ],
  "version" : 11
}