{
  "summary" : "   <strong>APROG DEI</strong><br><br>\n   <strong>Java Programming<br>\n   </strong><br>\n   Emanuel Cunha Silva<br>\n   ecs@isep.ipp.pt<br>\n   <br>\n",
  "title" : "APROG TP6",
  "authors" : [
    "Emanuel Silva"
  ],
  "programming_language" : "JAVA",
  "language" : "en",
  "course_type" : "PyCharm",
  "items" : [
    {
      "title" : "lesson1",
      "task_list" : [
        {
          "name" : "task0",
          "files" : {
            "src/Task.java" : {
              "name" : "src/Task.java",
              "placeholders" : [ ],
              "is_visible" : true,
              "text" : "public class Task {\n    public static void main(String[] args) {\n\n    }\n}"
            }
          },
          "description_text" : "#### Lesson TP 6:\n\nSPECIFIC GOALS:\n\nThe students should be able to:\n- Use Java API Classes\n- Design an algorithm and structuring it in modules\n- Adopt modularization\n- Adopt code reuse\n- Avoid code redundancy\n",
          "description_format" : "MD",
          "feedback_link" : {
            "link_type" : "STEPIK"
          },
          "task_type" : "theory"
        },
        {
          "choiceOptions" : [
            {
              "text" : "[1] - reads an INT until it finds a separator",
              "status" : "CORRECT"
            },
            {
              "text" : "[1] - reads an INT until it finds the end of line",
              "status" : "INCORRECT"
            },
            {
              "text" : "[2] - reads a DOUBLE until it finds a separator",
              "status" : "CORRECT"
            },
            {
              "text" : "[2] - reads a DOUBLE until it finds the end of line",
              "status" : "INCORRECT"
            },
            {
              "text" : "[3] - reads a STRING until it finds a separator",
              "status" : "CORRECT"
            },
            {
              "text" : "[3] - reads a STRING until it finds the end of line",
              "status" : "INCORRECT"
            },
            {
              "text" : "[4] - reads a STRING until it finds the end of line",
              "status" : "CORRECT"
            },
            {
              "text" : "[4] - does nothing because the value is not stored",
              "status" : "INCORRECT"
            },
            {
              "text" : "[5] - reads a STRING until it finds a separator",
              "status" : "INCORRECT"
            },
            {
              "text" : "[5] - reads a STRING until it finds the end of line",
              "status" : "CORRECT"
            },
            {
              "text" : "[6] - prints a STRING and change to the next line",
              "status" : "INCORRECT"
            },
            {
              "text" : "[6] - prints a STRING and stays on the same line",
              "status" : "CORRECT"
            },
            {
              "text" : "[7] - prints a STRING and change to the next line",
              "status" : "CORRECT"
            },
            {
              "text" : "[7] - prints a STRING and stays on the same line",
              "status" : "INCORRECT"
            },
            {
              "text" : "[8] - prints a STRING and change to the next line",
              "status" : "INCORRECT"
            },
            {
              "text" : "[8] - prints a STRING with custom formatting",
              "status" : "CORRECT"
            }
          ],
          "isMultipleChoice" : true,
          "name" : "task1_1",
          "files" : {
            "src/Main.java" : {
              "name" : "src/Main.java",
              "placeholders" : [ ],
              "is_visible" : true,
              "text" : "import java.util.Scanner;\n\npublic class Main {\n\n    static Scanner sc = new Scanner(System.in);\n\n    public static void main(String[] args) {\n        int age;\n        double height;\n        String firstName;\n        String address;\n\n        age = sc.nextInt();         // [1]\n        height = sc.nextDouble();   // [2]\n        firstName = sc.next();      // [3]\n        sc.nextLine();              // [4]\n        address = sc.nextLine();    // [5]\n\n        System.out.print(\"various ways to output results using \");                                          // [6]\n        System.out.println(\"print(), println() and printf()\");                                              // [7]\n        System.out.printf(\"age=%d height=%.2f firstname=%s address=%s\", age, height, firstName, address);   // [8]\n    }\n}"
            }
          },
          "description_text" : "**Task 1:**  \n  \n  \nAnalyze the Java program and deduce its functionality.\n\n\nSelect statements that are TRUE .  \n  \nEach number corresponds to the line of code that have the same numbering in comment.    \nFor example: \"[1] - ...\" corresponds to the line of code with the comment \"// [1]\"\n\n",
          "description_format" : "MD",
          "feedback_link" : {
            "link_type" : "STEPIK"
          },
          "task_type" : "choice"
        },
        {
          "choiceOptions" : [
            {
              "text" : "<b>nextInt()</b> can be used to read an integer",
              "status" : "CORRECT"
            },
            {
              "text" : "<b>nextDouble()</b> can be used to read a double",
              "status" : "CORRECT"
            },
            {
              "text" : "<b>nextFloat()</b> can be used to read a float",
              "status" : "CORRECT"
            },
            {
              "text" : "<b>next()</b> can be used to read a multi-word String",
              "status" : "INCORRECT"
            },
            {
              "text" : "<b>next()</b> can be used to read a single <i>word</i> in a multi-word line of input",
              "status" : "CORRECT"
            },
            {
              "text" : "<b>nextLine()</b> can be used to read a single <i>word</i> in a multi-word line of input",
              "status" : "INCORRECT"
            },
            {
              "text" : "<b>nextLine()</b> can be used to read an entire line of input",
              "status" : "CORRECT"
            },
            {
              "text" : "<b>nextInt(), nextDouble(), nextFloat(), next()</b> capture specific values but not capture delimiters",
              "status" : "CORRECT"
            },
            {
              "text" : "<b>nextLine()</b> can not be used to capture numbers",
              "status" : "INCORRECT"
            },
            {
              "text" : "<b>nextLine()</b> capture everything till the end of line",
              "status" : "CORRECT"
            },
            {
              "text" : "<b>next()</b> capture the end of line",
              "status" : "INCORRECT"
            },
            {
              "text" : "<b>nextLine()</b> capture the end of line",
              "status" : "CORRECT"
            },
            {
              "text" : "<b>next()</b> and <b>nextLine()</b> are equivalent",
              "status" : "INCORRECT"
            }
          ],
          "isMultipleChoice" : true,
          "name" : "task1_2",
          "files" : {
            "src/Main.java" : {
              "name" : "src/Main.java",
              "placeholders" : [ ],
              "is_visible" : true,
              "text" : "import java.util.Scanner;\n\npublic class Main {\n\n   static Scanner sc = new Scanner(System.in);\n\n   public static void main(String[] args) {\n      int age;\n      double height;\n      String firstName;\n      String address;\n\n      age = sc.nextInt();         // [1]\n      height = sc.nextDouble();   // [2]\n      firstName = sc.next();      // [3]\n      sc.nextLine();              // [4]\n      address = sc.nextLine();    // [5]\n\n      System.out.print(\"various ways to output results using \");                                          // [6]\n      System.out.println(\"print(), println() and printf()\");                                              // [7]\n      System.out.printf(\"age=%d height=%.2f firstname=%s address=%s\", age, height, firstName, address);   // [8]\n   }\n}"
            }
          },
          "description_text" : "**Task 1.2:**  \n  \nSelect statements that are TRUE.  \n\n\n<div class=\"hint\">\n<p><i>Input reading skips values</i></p> \n    <p>Recommended reading:</p>\n    <a href=\"https://www.tutorialspoint.com/java/util/java_util_scanner.htm\">Scanner Class</a><br>\n    <a href=\"https://www.youtube.com/watch?v=bbCr7CE97lU\">Oddity Numbers before Strings</a><br>\n    <a href=\"https://stackoverflow.com/questions/13102045/scanner-is-skipping-nextline-after-using-next-or-nextfoo\">Scanner is skipping nextLine() after using next() or next...()</a><br>\n    <a href=\"https://www.daniweb.com/programming/software-development/threads/232053/nextline-after-nextint-or-nextdouble-gives-trouble\">nextLine() after nextInt() or nextDouble gives trouble</a><br>\n    <a href=\"https://www.geeksforgeeks.org/why-is-scanner-skipping-nextline-after-use-of-other-next-functions/\">Why is Scanner skipping nextLine() after use of other next functions?</a><br>\n<br>\n</div>\n<div class=\"hint\">\n<p><i>Differences between next() and nextLine()</i></p> \n    <p>Recommended reading:</p>\n    <a href=\"https://pediaa.com/what-is-the-difference-between-next-and-nextline-in-java/\">What is the Difference Between next and nextLine in Java</a><br>\n    <a href=\"https://www.javaartifacts.com/difference-next-nextline/\">Difference between next() and nextLine()</a><br>\n    <a href=\"https://stackoverflow.com/questions/22458575/whats-the-difference-between-next-and-nextline-methods-from-scanner-class#:~:text=separated%20by%20space.-,Also%2C%20next()%20places%20the%20cursor%20in%20the%20same%20line,cursor%20in%20the%20next%20line.&text=Just%20for%20another%20example%20of%20Scanner.\">What's the difference between next() and nextLine() methods from Scanner class?\n</a><br>\n\n</div>",
          "description_format" : "MD",
          "feedback_link" : {
            "link_type" : "STEPIK"
          },
          "task_type" : "choice"
        }
      ],
      "type" : "lesson"
    },
    {
      "title" : "lesson2",
      "task_list" : [
        {
          "name" : "task2_1",
          "files" : {
            "src/Task.java" : {
              "name" : "src/Task.java",
              "placeholders" : [
                {
                  "offset" : 72,
                  "length" : 20,
                  "possible_answer" : "\n//version 1: numbers are assumed to be at least one digit.\n    public static int numberOfDigits(int number) {\n        int digits = 1;\n        while (number > 9) {\n            digits++;\n            number /= 10;\n        }\n        return digits;\n    }\n\n//version 2:\n//    public static int numberOfDigits(int number) {\n//        int digits = 0;\n//        do {\n//            digits++;\n//            number /= 10;\n//        } while (number > 0);\n//        return digits;\n//    }\n",
                  "placeholder_text" : "//put your code here"
                }
              ],
              "is_visible" : true,
              "text" : "public class Task {\n    public static void main(String[] args) {\n\n    }\n//put your code here\n\n}"
            },
            "test/Tests.java" : {
              "name" : "test/Tests.java",
              "placeholders" : [ ],
              "is_visible" : false,
              "text" : "import org.junit.Assert;\nimport org.junit.Test;\n\npublic class Tests {\n  @Test\n  public void testSolution1() {\n    int expected=1;\n    int result = Task.numberOfDigits(0);\n    Assert.assertEquals(expected,result);\n  }\n  @Test\n  public void testSolution2() {\n    int expected=2;\n    int result = Task.numberOfDigits(45);\n    Assert.assertEquals(expected,result);\n  }\n  @Test\n  public void testSolution3() {\n    int expected=3;\n    int result = Task.numberOfDigits(102);\n    Assert.assertEquals(expected,result);\n  }\n  @Test\n  public void testSolution4() {\n    int expected=4;\n    int result = Task.numberOfDigits(1000);\n    Assert.assertEquals(expected,result);\n  }\n  @Test\n  public void testSolution5() {\n    int expected=5;\n    int result = Task.numberOfDigits(10001);\n    Assert.assertEquals(expected,result);\n  }\n}"
            }
          },
          "description_text" : "**Task 2.1**  \n  \nIt is intended to build a program in Java to average a set of numbers entered by the user.  \nThe program must allow the input of several integers with less than N digits. The input must end when an integer with N or more digits is entered.\nThe program must be structured using modularization.  \n\nTo do this, perform the following tasks:  \n  \n**a)**  \nWrite the method **numberOfDigits(...)**  to determine how many digits are in an integer.  \nThe method must receive the integer by parameter and return the result (number of digits).\n\n<div class=\"hint\">\n    <p>Recommended reading:</p>\n    <a href=\"https://docs.oracle.com/javase/tutorial/java/javaOO/methods.html\">Defining Methods</a><br>\n    <a href=\"https://www.w3schools.com/java/java_methods.asp\">Java Methods</a><br>\n    <a href=\"https://www.w3schools.com/java/java_methods_param.asp\">Java Method Parameters</a><br>\n\n</div>\n<div class=\"hint\">\n<p>You can take as a starting point the following:</p>\n<pre><code>\n  public static int numberOfDigits( int number){\n  ...\n  }\n</code></pre>\n</div>\n",
          "description_format" : "MD",
          "feedback_link" : {
            "link_type" : "STEPIK"
          },
          "task_type" : "edu"
        },
        {
          "name" : "task2_2",
          "files" : {
            "src/Task.java" : {
              "name" : "src/Task.java",
              "placeholders" : [
                {
                  "offset" : 100,
                  "length" : 21,
                  "possible_answer" : "    public static double averageOfNumbers(int N) {\n        Scanner sc = new Scanner(System.in);\n        int sum = 0;\n        int quantity = 0;\n        int number = sc.nextInt();\n        while (numberOfDigits(number) < N) {\n            sum += number;\n            quantity++;\n            number = sc.nextInt();\n        }\n        if(sum==0)\n            return 0;\n        return (double) (sum) / quantity;\n    }\n",
                  "placeholder_text" : "// put your code here"
                },
                {
                  "offset" : 122,
                  "length" : 20,
                  "dependency" : {
                    "lesson" : "lesson2",
                    "task" : "task2_1",
                    "file" : "src/Task.java",
                    "placeholder" : 0,
                    "is_visible" : true
                  },
                  "possible_answer" : "\n\n    public static int numberOfDigits(int number) {\n        int digits = 1;\n        while (number > 9) {\n            digits++;\n            number /= 10;\n        }\n        return digits;\n    }\n",
                  "placeholder_text" : "//put your code here"
                }
              ],
              "is_visible" : true,
              "text" : "import java.util.Scanner;\n\npublic class Task {\n    public static void main(String[] args) {\n\n    }\n\n// put your code here\n//put your code here\n\n}"
            },
            "test/Tests.java" : {
              "name" : "test/Tests.java",
              "placeholders" : [ ],
              "is_visible" : false,
              "text" : "import org.junit.After;\nimport org.junit.Assert;\nimport org.junit.Before;\nimport org.junit.Test;\n\nimport java.io.ByteArrayInputStream;\nimport java.io.ByteArrayOutputStream;\nimport java.io.InputStream;\nimport java.io.PrintStream;\n\npublic class Tests {\n    private final InputStream systemIn = System.in;\n    private final PrintStream systemOut = System.out;\n    private ByteArrayInputStream testIn;\n    private ByteArrayOutputStream testOut;\n\n    @Before\n    public void redirectSystemOutStream() {\n        testOut = new ByteArrayOutputStream();\n        System.setOut(new PrintStream(testOut));\n    }\n\n    @After\n    public void restoreSystemOutStream() {\n        System.setIn(systemIn);\n        System.setOut(systemOut);\n    }\n\n    private void processInputData(String inputData) {\n        testIn = new ByteArrayInputStream(inputData.getBytes());\n        System.setIn(testIn);\n    }\n\n    @Test\n    public void testSolution1() {\n        //arrange\n        String inputData = \"1 2 3 100\";\n        double expected = 2.0;\n        redirectSystemOutStream();\n        processInputData(inputData);\n        //act\n        double result = Task.averageOfNumbers(3);\n        //assert\n        Assert.assertEquals(expected, result, 0.000001);\n        restoreSystemOutStream();\n    }\n    @Test\n    public void testSolution2() {\n        //arrange\n        String inputData = \"-1 1 0 100\";\n        double expected = 0.0;\n        redirectSystemOutStream();\n        processInputData(inputData);\n        //act\n        double result = Task.averageOfNumbers(3);\n        //assert\n        Assert.assertEquals(expected, result, 0.000001);\n        restoreSystemOutStream();\n    }\n    @Test\n    public void testSolution3() {\n        //arrange\n        String inputData = \"100 20 2\";\n        double expected = 0.0;\n        redirectSystemOutStream();\n        processInputData(inputData);\n        //act\n        double result = Task.averageOfNumbers(3);\n        //assert\n        Assert.assertEquals(expected, result, 0.000001);\n        restoreSystemOutStream();\n    }\n    @Test\n    public void testSolution4() {\n        //arrange\n        String inputData = \"-1 0 1 10 100 1000 10000 100000 1000000 10000001\";\n        double expected = 123456.66666666667;\n        redirectSystemOutStream();\n        processInputData(inputData);\n        //act\n        double result = Task.averageOfNumbers(8);\n        //assert\n        Assert.assertEquals(expected, result, 0.000001);\n        restoreSystemOutStream();\n    }\n}"
            }
          },
          "description_text" : "**Task 2.2**  \n  \nIt is intended to build a program in Java to average a set of numbers entered by the user.  \nThe program must allow the input of several integers with less than N digits. The input must end when an integer with N or more digits is entered.\nThe program must be structured using modularization.  \n\nTo do this, perform the following tasks:  \n  \n**b)**  \nWrite the method **averageOfNumbers(...)**  to read a sequence of integers with less than *N* digits and determine their average.\nThe reading sequence ends when an integer with *N* or more digits is entered.\n\nThe method must receive the value of *N* by parameter and return the result (average of the numbers read).\n\n<div class=\"hint\">\nReuse the previous task method <i>numberOfDigits(...)</i>\n</div>\n<div class=\"hint\">\n<p>You can take as a starting point the following:</p>\n<pre><code>\n  public static double averageOfNumbers( int N ){\n  ...\n  }\n</code></pre>\n</div>\n",
          "description_format" : "MD",
          "feedback_link" : {
            "link_type" : "STEPIK"
          },
          "task_type" : "edu"
        },
        {
          "name" : "task2_3",
          "files" : {
            "src/Task.java" : {
              "name" : "src/Task.java",
              "placeholders" : [
                {
                  "offset" : 48,
                  "length" : 21,
                  "dependency" : {
                    "lesson" : "lesson2",
                    "task" : "task2_2",
                    "file" : "src/Task.java",
                    "placeholder" : 0,
                    "is_visible" : true
                  },
                  "possible_answer" : "    static final int K = 5;\n\n    public static void main(String[] args) {\n\n    }\n\n    public static double averageOfNumbers(int N) {\n        Scanner sc = new Scanner(System.in);\n        int sum = 0;\n        int quantity = 0;\n        int number = sc.nextInt();\n        while (numberOfDigits(number) < N && quantity < K) {\n            sum += number;\n            quantity++;\n            number = sc.nextInt();\n        }\n        if (sum == 0)\n            return 0;\n        return (double) (sum) / quantity;\n    }\n",
                  "placeholder_text" : "// put your code here"
                },
                {
                  "offset" : 70,
                  "length" : 20,
                  "dependency" : {
                    "lesson" : "lesson2",
                    "task" : "task2_2",
                    "file" : "src/Task.java",
                    "placeholder" : 1,
                    "is_visible" : true
                  },
                  "possible_answer" : "    public static int numberOfDigits(int number) {\n        int digits = 1;\n        while (number > 9) {\n            digits++;\n            number /= 10;\n        }\n        return digits;\n    }\n",
                  "placeholder_text" : "//put your code here"
                }
              ],
              "is_visible" : true,
              "text" : "import java.util.Scanner;\n\npublic class Task {\n\n// put your code here\n//put your code here\n\n}"
            },
            "test/Tests.java" : {
              "name" : "test/Tests.java",
              "placeholders" : [ ],
              "is_visible" : false,
              "text" : "import org.junit.After;\nimport org.junit.Assert;\nimport org.junit.Before;\nimport org.junit.Test;\n\nimport java.io.ByteArrayInputStream;\nimport java.io.ByteArrayOutputStream;\nimport java.io.InputStream;\nimport java.io.PrintStream;\n\npublic class Tests {\n  private final InputStream systemIn = System.in;\n  private final PrintStream systemOut = System.out;\n  private ByteArrayInputStream testIn;\n  private ByteArrayOutputStream testOut;\n\n  @Before\n  public void redirectSystemOutStream() {\n    testOut = new ByteArrayOutputStream();\n    System.setOut(new PrintStream(testOut));\n  }\n\n  @After\n  public void restoreSystemOutStream() {\n    System.setIn(systemIn);\n    System.setOut(systemOut);\n  }\n\n  private void processInputData(String inputData) {\n    testIn = new ByteArrayInputStream(inputData.getBytes());\n    System.setIn(testIn);\n  }\n\n  @Test\n  public void testSolution1() {\n    //arrange\n    String inputData = \"1 2 3 100\";\n    double expected = 2.0;\n    redirectSystemOutStream();\n    processInputData(inputData);\n    //act\n    double result = Task.averageOfNumbers(3);\n    //assert\n    Assert.assertEquals(expected, result, 0.000001);\n    restoreSystemOutStream();\n  }\n  @Test\n  public void testSolution2() {\n    //arrange\n    String inputData = \"-1 1 0 100\";\n    double expected = 0.0;\n    redirectSystemOutStream();\n    processInputData(inputData);\n    //act\n    double result = Task.averageOfNumbers(3);\n    //assert\n    Assert.assertEquals(expected, result, 0.000001);\n    restoreSystemOutStream();\n  }\n  @Test\n  public void testSolution3() {\n    //arrange\n    String inputData = \"100 20 2\";\n    double expected = 0.0;\n    redirectSystemOutStream();\n    processInputData(inputData);\n    //act\n    double result = Task.averageOfNumbers(3);\n    //assert\n    Assert.assertEquals(expected, result, 0.000001);\n    restoreSystemOutStream();\n  }\n  @Test\n  public void testSolution4() {\n    //arrange\n    String inputData = \"-1 0 1 10 100 1000 10000 100000 1000000 10000001\";\n    double expected = 22.0;\n    redirectSystemOutStream();\n    processInputData(inputData);\n    //act\n    double result = Task.averageOfNumbers(8);\n    //assert\n    Assert.assertEquals(expected, result, 0.000001);\n    restoreSystemOutStream();\n  }\n  @Test\n  public void testSolution5() {\n    //arrange\n    String inputData = \"1 1 2 2 3 4 5 6\";\n    double expected = 1.8;\n    redirectSystemOutStream();\n    processInputData(inputData);\n    //act\n    double result = Task.averageOfNumbers(2);\n    //assert\n    Assert.assertEquals(expected, result, 0.000001);\n    restoreSystemOutStream();\n  }\n}"
            }
          },
          "description_text" : "**Task 2.3**\n  \nIt is intended to build a program in Java to average a set of numbers entered by the user.  \nThe program must allow the input of several integers with less than N digits. The input must end when an integer with N or more digits is entered.\nThe program must be structured using modularization.  \n\nTo do this, perform the following tasks:  \n  \n**c)**\nAdapt the program to finish when:  \n - An integer with more than *N* digits is read \n - The number of elements in the reading sequence reaches size *K*\n\nOBS: A constant must be used to set the value of *K* equals to **5**\n\n<div class=\"hint\">\n    <p>Recommended reading:</p>\n    <a href=\"https://www.java-tips.org/java-se-tips-100019/24-java-lang/802-how-do-i-declare-a-constant-in-java.html\">How do I declare a constant in Java</a><br>\n    <a href=\"https://www.tutorialspoint.com/what-is-a-constant-and-how-to-define-constants-in-java\">What is a constant and how to define constants in Java?</a><br>\n</div>",
          "description_format" : "MD",
          "feedback_link" : {
            "link_type" : "STEPIK"
          },
          "task_type" : "edu"
        },
        {
          "name" : "task2_4",
          "files" : {
            "src/Task.java" : {
              "name" : "src/Task.java",
              "placeholders" : [
                {
                  "offset" : 47,
                  "length" : 41,
                  "dependency" : {
                    "lesson" : "lesson2",
                    "task" : "task2_3",
                    "file" : "src/Task.java",
                    "placeholder" : 0,
                    "is_visible" : false
                  },
                  "possible_answer" : "\n    static final int K = 5;\n\n    public static void main(String[] args) {\n\n\n\n        System.out.printf(\"average = %.2f%n\",averageOfNumbers(8));\n\n    }\n\n    public static double averageOfNumbers(int N) {\n        Scanner sc = new Scanner(System.in);\n        int sum = 0;\n        int quantity = 0;\n        int number = sc.nextInt();\n        while (numberOfDigits(number) < N && quantity < K) {\n            sum += number;\n            quantity++;\n            number = sc.nextInt();\n        }\n        if (sum == 0)\n            return 0;\n        return (double) (sum) / quantity;\n    }\n",
                  "placeholder_text" : "// put your code here"
                },
                {
                  "offset" : 47,
                  "length" : 20,
                  "possible_answer" : "",
                  "placeholder_text" : "//put your code here"
                },
                {
                  "offset" : 90,
                  "length" : 20,
                  "dependency" : {
                    "lesson" : "lesson2",
                    "task" : "task2_3",
                    "file" : "src/Task.java",
                    "placeholder" : 1,
                    "is_visible" : false
                  },
                  "possible_answer" : "    public static int numberOfDigits(int number) {\n        int digits = 1;\n        while (number > 9) {\n            digits++;\n            number /= 10;\n        }\n        return digits;\n    }\n",
                  "placeholder_text" : "//put your code here"
                }
              ],
              "is_visible" : true,
              "text" : "import java.util.Scanner;\n\npublic class Task {\n//put your code here// put your code here\n\n//put your code here\n\n}"
            },
            "test/Tests.java" : {
              "name" : "test/Tests.java",
              "placeholders" : [ ],
              "is_visible" : false,
              "text" : "import org.junit.After;\nimport org.junit.Assert;\nimport org.junit.Before;\nimport org.junit.Test;\n\nimport java.io.ByteArrayInputStream;\nimport java.io.ByteArrayOutputStream;\nimport java.io.InputStream;\nimport java.io.PrintStream;\n\npublic class Tests {\n    private final InputStream systemIn = System.in;\n    private final PrintStream systemOut = System.out;\n    private ByteArrayInputStream testIn;\n    private ByteArrayOutputStream testOut;\n\n    @Before\n    public void redirectSystemOutStream() {\n        testOut = new ByteArrayOutputStream();\n        System.setOut(new PrintStream(testOut));\n    }\n\n    @After\n    public void restoreSystemOutStream() {\n        System.setIn(systemIn);\n        System.setOut(systemOut);\n    }\n\n    private void processInputData(String inputData) {\n        testIn = new ByteArrayInputStream(inputData.getBytes());\n        System.setIn(testIn);\n    }\n\n    @Test\n    public void testSolution1() {\n        //arrange\n        String inputData = \"1 2 3 123456789\";\n        String expected = \"average = 2.00\";\n        processInputData(inputData);\n        //act\n        Task.main(null);\n        //assert\n        Assert.assertTrue(testOut.toString().contains(expected));\n    }\n\n    @Test\n    public void testSolution2() {\n        //arrange\n        String inputData = \"-1 1 0 123456789\";\n        String expected = \"average = 0.00\";\n        processInputData(inputData);\n        //act\n        Task.main(null);\n        //assert\n        Assert.assertTrue(testOut.toString().contains(expected));\n    }\n\n    @Test\n    public void testSolution3() {\n        //arrange\n        String inputData = \"123456789\";\n        String expected = \"average = 0.00\";\n        processInputData(inputData);\n        //act\n        Task.main(null);\n        //assert\n        Assert.assertTrue(testOut.toString().contains(expected));\n    }\n\n    @Test\n    public void testSolution4() {\n        //arrange\n        String inputData = \"-1 0 1 11 100 1000 10000 100000 1000000 123456789\";\n        String expected = \"average = 22.20\";\n        processInputData(inputData);\n        //act\n        Task.main(null);\n        //assert\n        Assert.assertTrue(testOut.toString().contains(expected));\n    }\n}"
            }
          },
          "description_text" : "**Task 2.4**\n  \nIt is intended to build a program in Java to average a set of numbers entered by the user.  \nThe program must allow the input of several integers with less than N digits. The input must end when an integer with N or more digits is entered.\nThe program must be structured using modularization.  \n\nTo do this, perform the following tasks:  \n  \n**d)**\nComplete the main method for the program to show the average of a set of integers, which the user will enter, with less than 8 digits.  \nA message should be displayed in the following format:  \n\"average = *<average of numbers with 2 decimal places>*\"  \n",
          "description_format" : "MD",
          "feedback_link" : {
            "link_type" : "STEPIK"
          },
          "task_type" : "edu"
        }
      ],
      "type" : "framework"
    },
    {
      "title" : "lesson3",
      "task_list" : [
        {
          "name" : "task3_1",
          "files" : {
            "src/Task.java" : {
              "name" : "src/Task.java",
              "placeholders" : [
                {
                  "offset" : 100,
                  "length" : 20,
                  "possible_answer" : "\n    public static int readNumberInRange(int minValue, int maxValue, Scanner sc) {\n//in case the values have been entered exchanged.\n        if (minValue > maxValue) {\n            int aux = minValue;\n            minValue = maxValue;\n            maxValue = aux;\n        }\n\n        int number;\n        do {\n            number = sc.nextInt();\n        } while (number < minValue || number > maxValue);\n        return number;\n    }\n",
                  "placeholder_text" : "//put your code here"
                }
              ],
              "is_visible" : true,
              "text" : "import java.util.Scanner;\n\npublic class Task {\n\n    public static void main(String[] args) {\n\n    }\n//put your code here\n\n}"
            },
            "test/Tests.java" : {
              "name" : "test/Tests.java",
              "placeholders" : [ ],
              "is_visible" : false,
              "text" : "import org.junit.After;\nimport org.junit.Assert;\nimport org.junit.Before;\nimport org.junit.Test;\n\nimport java.io.ByteArrayInputStream;\nimport java.io.ByteArrayOutputStream;\nimport java.io.InputStream;\nimport java.io.PrintStream;\nimport java.util.Scanner;\n\npublic class Tests {\n  private final InputStream systemIn = System.in;\n  private final PrintStream systemOut = System.out;\n  private ByteArrayInputStream testIn;\n  private ByteArrayOutputStream testOut;\n\n  @Before\n  public void redirectSystemOutStream() {\n    testOut = new ByteArrayOutputStream();\n    System.setOut(new PrintStream(testOut));\n  }\n\n  @After\n  public void restoreSystemOutStream() {\n    System.setIn(systemIn);\n    System.setOut(systemOut);\n  }\n\n  private void processInputData(String inputData) {\n    testIn = new ByteArrayInputStream(inputData.getBytes());\n    System.setIn(testIn);\n  }\n\n  @Test\n  public void testSolution1() {\n    //arrange\n    String inputData = \"-1 -2 30 1\";\n    int expected = 1;\n    processInputData(inputData);\n    Scanner sc=new Scanner(System.in);\n    //act\n    int result = Task.readNumberInRange(0,20, sc);\n    //assert\n    Assert.assertEquals(expected,result);\n  }\n  @Test\n  public void testSolution2() {\n    //arrange\n    String inputData = \"-1 -2 30 40 50 60 1\";\n    int expected = 1;\n    processInputData(inputData);\n    Scanner sc=new Scanner(System.in);\n    //act\n    int result = Task.readNumberInRange(0,1, sc);\n    //assert\n    Assert.assertEquals(expected,result);\n  }\n  @Test\n  public void testSolution3() {\n    //arrange\n    String inputData = \"-1 -2 30 40 50 60 1\";\n    int expected = 50;\n    processInputData(inputData);\n    Scanner sc=new Scanner(System.in);\n    //act\n    int result = Task.readNumberInRange(41,61, sc);\n    //assert\n    Assert.assertEquals(expected,result);\n  }\n}"
            }
          },
          "description_text" : "**Task 3.1**  \n  \nWrite a Java program to determine the age of the heaviest student in a school. In case of equality, the lowest age must be chosen.  \nThe students' age is in the range [6 ... 18] and their weight is in the range [30 ... 100] kg, both integers.  \nThe number of students in a school is in the range [1 ... 500].  \nThe program must have the following behavior:  \n- First, the program must read the number of students in the school    \n- Second, it should be read for each student, their age and weight  \n- Third, the result should be displayed in the following format:   \n\n*\"age = < the age of student with maximum weight >\"*  \n\nThe program must be structured in methods.  \n\nTo do this, perform the following tasks:  \n  \n**a)**  \nWrite the method **readNumberInRange(...)**  to read and return an integer that is within a range.  \nThe method must receive as parameters a range (minimum and maximum limits) and a Scanner object that will be the source of input, and return the result (the number read within the range).  \nThe method must validate the number entered by the user, that is, it must continuously read numbers (entered by the user) until the number entered is within the range. Then, the method returns the validated number.\n\n<div class=\"hint\">\n<p>You can take as a starting point the following:</p>\n<pre><code>\n  public static int readNumberInRange( int minValue, int maxValue, Scanner sc){\n  ...\n  }\n</code></pre>\n</div>\n",
          "description_format" : "MD",
          "feedback_link" : {
            "link_type" : "STEPIK"
          },
          "task_type" : "edu"
        },
        {
          "name" : "task3_2",
          "files" : {
            "src/Task.java" : {
              "name" : "src/Task.java",
              "placeholders" : [
                {
                  "offset" : 204,
                  "length" : 20,
                  "possible_answer" : "        final int MIN_STUDENTS = 1;\n        final int MAX_STUDENTS = 500;\n        final int MIN_AGE = 6;\n        final int MAX_AGE = 18;\n        final int MIN_WEIGHT = 30;\n        final int MAX_WEIGHT = 100;\n        int maxWeight = 0;\n        int ageOfTheMaxWeight = 0;\n\n        int numberOfStudents = readNumberInRange(MIN_STUDENTS, MAX_STUDENTS, sc);\n        for (int i = 0; i < numberOfStudents; i++) {\n            int age = readNumberInRange(MIN_AGE, MAX_AGE, sc);\n            int weight = readNumberInRange(MIN_WEIGHT, MAX_WEIGHT, sc);\n            if ((weight > maxWeight) || (weight == maxWeight && age < ageOfTheMaxWeight)) {\n                maxWeight = weight;\n                ageOfTheMaxWeight = age;\n            }\n        }\n        return ageOfTheMaxWeight;\n",
                  "placeholder_text" : "//put your code here"
                },
                {
                  "offset" : 232,
                  "length" : 20,
                  "dependency" : {
                    "lesson" : "lesson3",
                    "task" : "task3_1",
                    "file" : "src/Task.java",
                    "placeholder" : 0,
                    "is_visible" : true
                  },
                  "possible_answer" : "\n    public static int readNumberInRange(int minValue, int maxValue, Scanner sc) {\n        if (minValue > maxValue) {\n            int aux = minValue;\n            minValue = maxValue;\n            maxValue = aux;\n        }\n        int number;\n        do {\n            number = sc.nextInt();\n        } while (number < minValue || number > maxValue);\n        return number;\n    }\n",
                  "placeholder_text" : "//put your code here"
                }
              ],
              "is_visible" : true,
              "text" : "import java.util.Scanner;\n\npublic class Task {\n\n    public static void main(String[] args) {\n\n    }\n\n    public static int ageOfTheHeaviestStudentInSchool() {\n        Scanner sc = new Scanner(System.in);\n//put your code here\n    }\n\n//put your code here\n}"
            },
            "test/Tests.java" : {
              "name" : "test/Tests.java",
              "placeholders" : [ ],
              "is_visible" : false,
              "text" : "import org.junit.After;\nimport org.junit.Assert;\nimport org.junit.Before;\nimport org.junit.Test;\n\nimport java.io.ByteArrayInputStream;\nimport java.io.ByteArrayOutputStream;\nimport java.io.InputStream;\nimport java.io.PrintStream;\n\npublic class Tests {\n  private final InputStream systemIn = System.in;\n  private final PrintStream systemOut = System.out;\n  private ByteArrayInputStream testIn;\n  private ByteArrayOutputStream testOut;\n\n  @Before\n  public void redirectSystemOutStream() {\n    testOut = new ByteArrayOutputStream();\n    System.setOut(new PrintStream(testOut));\n  }\n\n  @After\n  public void restoreSystemOutStream() {\n    System.setIn(systemIn);\n    System.setOut(systemOut);\n  }\n\n  private void processInputData(String inputData) {\n    testIn = new ByteArrayInputStream(inputData.getBytes());\n    System.setIn(testIn);\n  }\n\n  @Test\n  public void testSolution1() {\n    //arrange\n    String inputData = \"5     10 30   18 100   15 50   13 60   13 50\";\n    int expected = 18;\n    processInputData(inputData);\n    //act\n    int result = Task.ageOfTheHeaviestStudentInSchool();\n    //assert\n    Assert.assertEquals(expected,result);\n  }\n  @Test\n  public void testSolution2() {\n    //arrange\n    String inputData = \"5     10 100   18 100   15 50   13 60   13 50\";\n    int expected = 10;\n    processInputData(inputData);\n    //act\n    int result = Task.ageOfTheHeaviestStudentInSchool();\n    //assert\n    Assert.assertEquals(expected,result);\n  }\n  @Test\n  public void testSolution3() {\n    //arrange\n    String inputData = \"3     5 7 10 30   21 20 19 18 200 100   1 2 3 4 5 6 102 101 100\";\n    int expected = 6;\n    processInputData(inputData);\n    //act\n    int result = Task.ageOfTheHeaviestStudentInSchool();\n    //assert\n    Assert.assertEquals(expected,result);\n  }\n}"
            }
          },
          "description_text" : "**Task 3.2**  \n  \nWrite a Java program to determine the age of the heaviest student in a school. In case of equality, the lowest age must be chosen.  \nThe students' age is in the range [6 ... 18] and their weight is in the range [30 ... 100] kg, both integers.  \nThe number of students in a school is in the range [1 ... 500].  \nThe program must have the following behavior:  \n- First, the program must read the number of students in the school    \n- Second, it should be read for each student, their age and weight  \n- Third, the result should be displayed in the following format:   \n\n*\"age = < the age of student with maximum weight >\"*  \n\nThe program must be structured in methods.  \n\nTo do this, perform the following tasks:  \n  \n**b)**  \nWrite the method **ageOfTheHeaviestStudentInSchool(...)**  to read he number of students in the school and, for each of them, their age and weight.  \nThe method should return the age of the heaviest student.  \nValues read must be validated according to the defined ranges.\n\n<div class=\"hint\">\n<p>The upper and lower limits of the ranges must be defined using constants, for example:</p>\n<pre><code>\n  final int MIN_AGE = 6;\n  final int MAX_AGE = 18;\n</code></pre>\n</div>\n",
          "description_format" : "MD",
          "feedback_link" : {
            "link_type" : "STEPIK"
          },
          "task_type" : "edu"
        },
        {
          "name" : "task3_3",
          "files" : {
            "src/Task.java" : {
              "name" : "src/Task.java",
              "placeholders" : [
                {
                  "offset" : 93,
                  "length" : 20,
                  "possible_answer" : "\n        System.out.println(\"age = \" + ageOfTheHeaviestStudentInSchool());\n\n",
                  "placeholder_text" : "//put your code here"
                },
                {
                  "offset" : 223,
                  "length" : 20,
                  "dependency" : {
                    "lesson" : "lesson3",
                    "task" : "task3_2",
                    "file" : "src/Task.java",
                    "placeholder" : 0,
                    "is_visible" : false
                  },
                  "possible_answer" : "        final int MIN_STUDENTS = 1;\n        final int MAX_STUDENTS = 500;\n        final int MIN_AGE = 6;\n        final int MAX_AGE = 18;\n        final int MIN_WEIGHT = 30;\n        final int MAX_WEIGHT = 100;\n        int maxWeight = 0;\n        int ageOfTheMaxWeight = 0;\n\n        int numberOfStudents = readNumberInRange(MIN_STUDENTS, MAX_STUDENTS, sc);\n        for (int i = 0; i < numberOfStudents; i++) {\n            int age = readNumberInRange(MIN_AGE, MAX_AGE, sc);\n            int weight = readNumberInRange(MIN_WEIGHT, MAX_WEIGHT, sc);\n            if ((weight > maxWeight) || (weight == maxWeight && age < ageOfTheMaxWeight)) {\n                maxWeight = weight;\n                ageOfTheMaxWeight = age;\n            }\n        }\n        return ageOfTheMaxWeight;\n",
                  "placeholder_text" : "//put your code here"
                },
                {
                  "offset" : 251,
                  "length" : 20,
                  "dependency" : {
                    "lesson" : "lesson3",
                    "task" : "task3_2",
                    "file" : "src/Task.java",
                    "placeholder" : 1,
                    "is_visible" : false
                  },
                  "possible_answer" : "\n    public static int readNumberInRange(int minValue, int maxValue, Scanner sc) {\n        if (minValue > maxValue) {\n            int aux = minValue;\n            minValue = maxValue;\n            maxValue = aux;\n        }\n        int number;\n        do {\n            number = sc.nextInt();\n        } while (number < minValue || number > maxValue);\n        return number;\n    }\n",
                  "placeholder_text" : "//put your code here"
                }
              ],
              "is_visible" : true,
              "text" : "import java.util.Scanner;\n\npublic class Task {\n\n    public static void main(String[] args) {\n//put your code here    }\n\n    public static int ageOfTheHeaviestStudentInSchool() {\n        Scanner sc = new Scanner(System.in);\n//put your code here\n    }\n\n//put your code here\n}"
            },
            "test/Tests.java" : {
              "name" : "test/Tests.java",
              "placeholders" : [ ],
              "is_visible" : false,
              "text" : "import org.junit.After;\nimport org.junit.Assert;\nimport org.junit.Before;\nimport org.junit.Test;\n\nimport java.io.ByteArrayInputStream;\nimport java.io.ByteArrayOutputStream;\nimport java.io.InputStream;\nimport java.io.PrintStream;\n\npublic class Tests {\n    private final InputStream systemIn = System.in;\n    private final PrintStream systemOut = System.out;\n    private ByteArrayInputStream testIn;\n    private ByteArrayOutputStream testOut;\n    final String nl = System.lineSeparator();\n\n    @Before\n    public void redirectSystemOutStream() {\n        testOut = new ByteArrayOutputStream();\n        System.setOut(new PrintStream(testOut));\n    }\n\n    @After\n    public void restoreSystemOutStream() {\n        System.setIn(systemIn);\n        System.setOut(systemOut);\n    }\n\n    private void processInputData(String inputData) {\n        testIn = new ByteArrayInputStream(inputData.getBytes());\n        System.setIn(testIn);\n    }\n\n    @Test\n    public void testSolution1() {\n        //arrange\n        String inputData = \"5     10 30   18 100   15 50   13 100   13 50\";\n        String expected = \"age = 13\" + nl;\n        processInputData(inputData);\n        //act\n        Task.main(null);\n        //assert\n        Assert.assertEquals(expected, testOut.toString());\n    }\n\n    @Test\n    public void testSolution2() {\n        //arrange\n        String inputData = \"5     10 100   18 100   15 50   13 60   13 50\";\n        String expected = \"age = 10\" + nl;\n        processInputData(inputData);\n        //act\n        Task.main(null);\n        //assert\n        Assert.assertEquals(expected, testOut.toString());\n    }\n\n    @Test\n    public void testSolution3() {\n        //arrange\n        String inputData = \"3     5 7 10 30   21 20 19 18 200 100   1 2 3 4 5 6 102 101 100\";\n        String expected = \"age = 6\" + nl;\n        processInputData(inputData);\n        //act\n        Task.main(null);\n        //assert\n        Assert.assertEquals(expected, testOut.toString());\n    }\n}"
            }
          },
          "description_text" : "**Task 3.3**  \n  \nWrite a Java program to determine the age of the heaviest student in a school. In case of equality, the lowest age must be chosen.  \nThe students' age is in the range [6 ... 18] and their weight is in the range [30 ... 100] kg, both integers.  \nThe number of students in a school is in the range [1 ... 500].  \nThe program must have the following behavior:  \n- First, the program must read the number of students in the school    \n- Second, it should be read for each student, their age and weight  \n- Third, the result should be displayed in the following format:   \n\n*\"age = < the age of student with maximum weight >\"*  \n\nThe program must be structured in methods.  \n\nTo do this, perform the following tasks:  \n  \n**c)**  \nWrite the method **main(...)** to display the age of the heaviest student in a school according to the specified format.\n\n<div class=\"hint\">\n<p>To display the result try:</p>\n<pre><code>\n  System.out.println(\"age = \" + ... );\n  </code></pre>\n</div>\n",
          "description_format" : "MD",
          "feedback_link" : {
            "link_type" : "STEPIK"
          },
          "task_type" : "edu"
        }
      ],
      "type" : "framework"
    },
    {
      "title" : "lesson4",
      "task_list" : [
        {
          "choiceOptions" : [
            {
              "text" : "The program ends when \"0\" is entered",
              "status" : "INCORRECT"
            },
            {
              "text" : "The program ends when \"zzz\" is entered",
              "status" : "CORRECT"
            },
            {
              "text" : "The program ends when \"ZZZ\" is entered",
              "status" : "CORRECT"
            },
            {
              "text" : "The program ends when \"zZz\" is entered",
              "status" : "CORRECT"
            },
            {
              "text" : "The program ends when \"zzzz\" is entered",
              "status" : "INCORRECT"
            },
            {
              "text" : "The program counts uppercase and lowercase vowels",
              "status" : "CORRECT"
            },
            {
              "text" : "Using \"word.compareToIgnoreCase(\"zzz\")\" on line 28 makes lines 27 and 32 dispensable",
              "status" : "CORRECT"
            },
            {
              "text" : "This switch statement only analyzes lowercase vowels",
              "status" : "CORRECT"
            },
            {
              "text" : "In this switch statement only the letter 'u' is counted",
              "status" : "INCORRECT"
            },
            {
              "text" : "In a switch statement all cases must have a break statement",
              "status" : "INCORRECT"
            },
            {
              "text" : "In this switch statement, to count all vowels, all cases should increase the  result variable and have the break statement",
              "status" : "INCORRECT"
            },
            {
              "text" : "System.out.println(\"Enter a Word :\"); and System.out.format(\"Enter a word :\"); produce the same result",
              "status" : "INCORRECT"
            },
            {
              "text" : "On line 28, the loop runs while the variable word is equal to \"zzz\"",
              "status" : "INCORRECT"
            },
            {
              "text" : "System.out.println() always inserts a newline at the end, but System.out.format() and System.out.printf() do not",
              "status" : "CORRECT"
            },
            {
              "text" : "System.out.printf(); and System.out.format(); are equivalent",
              "status" : "CORRECT"
            }
          ],
          "isMultipleChoice" : true,
          "name" : "task4",
          "files" : {
            "src/Main.java" : {
              "name" : "src/Main.java",
              "placeholders" : [ ],
              "is_visible" : true,
              "text" : "import java.util.Scanner;\n\npublic class Main {\n    static Scanner sc = new Scanner(System.in);\n\n    public static int numberOfVowels(String word) {\n        int result = 0;\n        word = word.toLowerCase();\n        for (int i = 0; i < word.length(); i++) {\n            switch (word.charAt(i)) {\n                case 'a':\n                case 'e':\n                case 'i':\n                case 'o':\n                case 'u':\n                    result = result + 1;\n                    break;\n            }\n        }\n        return result;\n    }\n\n    public static void main(String[] args) {\n        String word;\n        System.out.println(\"Enter a Word :\");\n        word = sc.next();\n        word = word.toLowerCase();\n        while (word.compareTo(\"zzz\") != 0) {\n            System.out.printf(\"The word %s has %d vowels %n\", word, numberOfVowels(word));\n            System.out.format(\"Enter a word :\");\n            word = sc.next();\n            word = word.toLowerCase();\n        }\n    }\n}\n"
            }
          },
          "description_text" : "**Task 4:**  \n  \n  \nAnalyze the Java program and deduce its functionality.\n\n\nSelect statements that are TRUE. ",
          "description_format" : "MD",
          "feedback_link" : {
            "link_type" : "STEPIK"
          },
          "task_type" : "choice"
        }
      ],
      "type" : "lesson"
    }
  ],
  "additional_files" : [
    {
      "name" : "build.gradle",
      "placeholders" : [ ],
      "is_visible" : true,
      "text" : "buildscript {\n    repositories {\n        mavenCentral()\n    }\n}\n\ndef printOutput(def output) {\n    return tasks.create(\"printOutput\") {\n        for (line in output.toString().readLines()) {\n            println \"#educational_plugin\" + line\n        }\n    }\n}\n\nsubprojects {\n    apply plugin: 'application'\n    apply plugin: 'java'\n\n    sourceCompatibility = 1.8\n\n    repositories {\n        mavenCentral()\n    }\n\n    dependencies {\n        testCompile group: 'junit', name: 'junit', version: '4.12'\n    }\n\n    sourceSets {\n        main {\n            java.srcDir 'src'\n        }\n        test {\n            java.srcDir 'test'\n        }\n    }\n\n    mainClassName = project.hasProperty(\"mainClass\") ? project.getProperty(\"mainClass\") : \"\"\n\n    def runOutput = new ByteArrayOutputStream()\n    tasks.run.setStandardOutput(runOutput)\n    tasks.run.doLast { printOutput(runOutput) }\n}\n\nproject(':util') {\n    dependencies {\n        compile group: 'junit', name: 'junit', version: '4.12'\n    }\n}\n\nconfigure(subprojects.findAll {it.name != 'util'}) {\n  dependencies {\n    compile project(':util').sourceSets.main.output\n    testCompile project(':util').sourceSets.test.output\n  }\n}\n"
    }
  ],
  "version" : 11
}